customer_id,age,gender,tenure,contract_type,monthly_charges,total_charges,calls_to_support,is_tuesday_signup,churn
1000,19,Female,33,0,72.68,2397.97,3,0,0
1001,53,Female,10,1,70.39,709.14,1,0,0
1002,75,Male,10,2,48.43,482.29,1,0,0
1003,58,Female,54,2,63.22,3416.98,0,0,0
1004,27,Male,15,1,49.78,735.26,0,0,0
1005,58,Male,46,0,44.38,2037.94,0,0,0
1006,36,Male,51,1,68.99,3515.08,0,0,0
1007,22,Male,3,2,57.27,172.56,1,0,0
1008,23,Male,28,1,38.99,1084.37,1,0,0
1009,70,Female,68,0,60.27,4099.2,0,0,0
1010,19,Male,38,2,50.65,1920.03,3,1,0
1011,41,Male,26,0,39.06,1004.7,0,0,0
1012,53,Female,65,1,83.14,5405.96,1,0,0
1013,73,Female,23,0,60.05,1372.01,2,0,1
1014,67,Female,69,0,49.93,3433.83,0,0,0
1015,19,Female,19,1,41.55,792.64,1,1,0
1016,66,Male,14,0,40.26,551.57,0,0,0
1017,47,Male,54,2,70.89,3833.34,2,0,0
1018,77,Female,26,0,40.1,1048.91,1,0,0
1019,56,Male,32,2,46.03,1468.19,0,0,0
1020,61,Male,61,1,45.99,2810.0,1,1,0
1021,70,Female,12,0,40.03,476.55,3,0,1
1022,41,Female,3,2,47.68,143.96,2,0,0
1023,20,Male,34,2,59.42,2017.13,4,0,0
1024,18,Female,2,1,71.73,137.88,1,0,0
1025,30,Male,10,0,70.98,710.92,0,0,1
1026,58,Female,53,0,43.9,2330.7,2,0,0
1027,26,Female,41,2,47.34,1948.41,2,0,0
1028,38,Male,4,1,36.91,145.52,2,1,1
1029,75,Male,22,0,51.8,1134.64,2,0,1
1030,77,Female,55,0,32.26,1770.71,0,1,0
1031,57,Male,45,0,28.33,1266.7,0,0,0
1032,33,Female,31,0,68.07,2113.59,2,0,0
1033,76,Female,64,0,69.65,4464.31,2,0,0
1034,65,Male,33,0,49.49,1635.59,2,1,1
1035,45,Female,18,1,31.63,573.24,1,0,0
1036,55,Female,14,0,89.96,1256.31,2,0,1
1037,64,Male,54,0,32.98,1777.84,1,1,0
1038,54,Female,3,0,68.05,205.35,1,0,1
1039,62,Male,33,0,91.07,2996.08,1,0,0
1040,75,Female,64,0,53.67,3428.29,2,1,0
1041,35,Male,5,0,92.26,459.68,2,0,1
1042,27,Female,33,1,28.49,941.77,2,1,0
1043,50,Male,63,1,42.43,2675.64,2,0,0
1044,39,Female,45,1,90.12,4059.15,1,0,0
1045,65,Male,36,0,47.6,1713.26,0,0,0
1046,59,Male,56,0,70.08,3922.41,3,1,1
1047,53,Male,8,2,91.75,732.59,4,1,1
1048,37,Male,18,2,92.01,1647.8,3,0,0
1049,40,Male,70,0,59.49,4159.44,1,0,0
1050,44,Female,15,0,31.06,461.86,3,0,1
1051,68,Female,45,1,52.89,2376.81,3,1,1
1052,77,Female,57,0,88.0,5023.44,1,0,0
1053,23,Male,59,0,93.31,5509.0,4,0,0
1054,30,Male,11,0,60.5,667.14,1,0,0
1055,50,Female,55,0,29.04,1599.54,1,0,0
1056,78,Male,33,0,87.99,2904.47,0,0,0
1057,71,Female,13,0,71.57,930.82,0,0,0
1058,45,Male,45,0,59.6,2680.94,1,0,0
1059,19,Female,18,0,78.79,1416.33,0,0,0
1060,62,Female,25,0,67.32,1685.63,1,0,0
1061,29,Male,50,1,93.1,4656.2,0,1,0
1062,68,Female,19,0,28.57,536.61,1,0,0
1063,29,Female,31,2,50.63,1567.28,0,0,0
1064,47,Female,14,0,71.97,1011.22,2,0,0
1065,49,Male,59,2,36.95,2172.48,2,0,0
1066,67,Male,11,0,61.66,677.7,3,0,1
1067,59,Male,18,1,50.8,920.2,0,1,0
1068,77,Female,37,1,79.18,2929.09,1,1,1
1069,51,Male,8,0,70.38,565.65,1,0,0
1070,30,Female,10,2,52.91,536.8,1,0,0
1071,31,Female,48,2,59.39,2855.91,2,0,0
1072,30,Male,57,2,42.39,2420.9,1,0,0
1073,53,Male,29,0,60.83,1763.98,0,0,0
1074,42,Male,16,0,59.94,950.03,2,0,0
1075,58,Female,25,0,46.73,1176.32,1,0,0
1076,27,Female,65,0,88.91,5786.32,1,0,0
1077,68,Female,38,1,30.66,1166.44,2,0,0
1078,75,Female,42,0,68.72,2890.28,2,0,0
1079,58,Male,63,0,51.27,3224.89,1,0,0
1080,29,Male,64,1,72.99,4670.56,2,0,0
1081,18,Male,67,0,90.55,6072.02,2,1,0
1082,41,Female,67,0,58.73,3931.88,1,0,0
1083,79,Female,31,0,26.62,825.05,2,0,0
1084,29,Female,13,1,89.8,1153.54,2,0,0
1085,53,Male,66,0,70.66,4670.37,2,0,0
1086,68,Female,14,2,58.91,824.72,1,0,0
1087,66,Female,22,0,71.76,1578.16,2,0,0
1088,56,Female,71,1,71.03,5042.53,0,0,0
1089,79,Male,32,1,41.11,1309.63,2,1,0
1090,66,Male,56,0,89.8,5032.95,0,0,0
1091,20,Female,19,0,38.14,729.01,1,0,0
1092,77,Female,59,1,37.1,2187.48,1,0,0
1093,60,Female,5,0,69.99,354.48,2,0,1
1094,37,Male,11,1,29.51,338.87,4,1,1
1095,36,Male,61,1,60.8,3704.07,1,0,0
1096,78,Female,40,0,49.26,1979.62,1,0,0
1097,58,Female,51,0,81.65,4164.05,2,0,0
1098,45,Female,61,0,48.28,2943.42,0,0,0
1099,76,Female,59,2,47.65,2809.08,1,0,0
1100,53,Male,63,2,53.05,3339.08,1,0,0
1101,63,Female,63,0,28.82,1812.65,0,0,0
1102,71,Female,34,0,38.38,1308.8,2,0,0
1103,47,Male,2,1,50.42,95.74,0,0,0
1104,39,Female,68,0,64.76,4411.02,1,0,0
1105,59,Male,63,0,41.52,2611.36,2,0,0
1106,62,Male,25,0,48.32,1215.41,0,0,0
1107,54,Male,32,2,78.17,2498.5,1,1,0
1108,51,Male,7,1,30.52,215.74,2,0,0
1109,63,Female,21,1,46.0,969.54,1,0,0
1110,47,Female,17,1,84.74,1432.45,3,0,0
1111,49,Female,3,1,47.78,152.89,2,0,1
1112,29,Female,46,2,37.94,1742.87,0,0,0
1113,48,Female,15,1,70.06,1051.08,1,1,1
1114,29,Female,28,0,88.01,2462.5,3,0,1
1115,62,Female,62,0,71.02,4402.9,4,0,0
1116,54,Female,55,1,70.08,3847.54,0,0,0
1117,59,Male,20,2,68.56,1359.42,1,0,0
1118,41,Male,18,2,75.89,1362.98,1,0,0
1119,72,Male,35,0,70.27,2461.02,1,0,0
1120,48,Female,11,2,79.44,868.19,2,1,1
1121,77,Male,63,1,49.78,3134.21,0,0,0
1122,45,Female,26,0,51.37,1347.34,2,0,0
1123,55,Male,23,0,42.08,964.9,4,1,1
1124,41,Female,5,2,86.85,433.61,3,0,0
1125,60,Male,62,1,56.05,3479.25,3,0,0
1126,45,Male,28,1,59.33,1663.98,1,0,0
1127,55,Female,9,0,30.02,277.93,1,0,0
1128,50,Male,66,0,42.49,2799.83,0,0,0
1129,21,Male,53,0,50.65,2687.76,2,0,0
1130,25,Female,5,2,67.78,342.43,1,0,0
1131,46,Male,38,1,70.18,2662.97,2,0,0
1132,63,Female,63,1,68.23,4304.19,1,1,0
1133,77,Male,17,2,90.22,1540.93,2,0,0
1134,59,Male,18,0,87.18,1569.03,4,0,1
1135,23,Female,32,1,80.1,2559.6,2,0,0
1136,63,Male,39,1,90.57,3532.82,2,0,0
1137,57,Female,55,0,59.68,3291.42,1,0,0
1138,73,Female,23,2,59.07,1354.92,0,0,0
1139,74,Female,60,1,80.98,4853.43,3,0,0
1140,74,Male,23,0,91.24,2102.89,0,0,0
1141,66,Male,66,0,70.6,4661.06,2,0,0
1142,32,Male,46,0,61.5,2820.57,3,0,0
1143,52,Male,63,1,38.36,2421.67,1,0,0
1144,53,Male,7,0,62.47,435.31,0,0,1
1145,70,Male,69,0,59.8,4130.57,2,1,0
1146,50,Female,56,1,92.29,5167.89,3,0,0
1147,58,Female,32,0,70.51,2265.81,3,0,0
1148,45,Female,16,0,86.91,1390.32,3,0,1
1149,18,Female,3,2,27.52,84.01,0,0,0
1150,32,Male,58,2,60.82,3523.75,0,1,0
1151,59,Male,13,1,69.26,896.71,3,1,0
1152,76,Male,70,2,57.51,4032.57,3,0,0
1153,50,Female,30,0,79.27,2366.25,0,0,0
1154,74,Female,20,1,31.39,620.8,1,0,0
1155,54,Male,40,2,49.97,2004.23,2,1,0
1156,45,Male,43,0,92.14,3967.96,2,0,0
1157,35,Female,20,1,82.9,1663.41,0,0,0
1158,31,Male,47,0,69.06,3245.91,2,0,0
1159,66,Female,21,0,60.0,1271.31,3,0,1
1160,73,Female,12,2,36.77,444.15,1,1,0
1161,43,Female,16,2,77.24,1235.77,1,0,0
1162,68,Female,45,0,68.5,3084.68,1,0,0
1163,28,Female,53,1,79.49,4214.03,2,1,0
1164,49,Female,48,1,40.96,1976.43,1,1,0
1165,44,Female,14,1,48.64,672.52,3,0,0
1166,73,Female,42,0,32.55,1370.07,3,0,0
1167,40,Male,1,0,30.42,29.16,0,0,0
1168,28,Male,38,2,92.25,3509.04,2,0,0
1169,62,Male,59,1,51.58,3040.75,1,1,0
1170,51,Female,64,0,42.11,2690.33,3,0,0
1171,70,Male,35,1,88.81,3114.09,0,0,0
1172,68,Male,57,0,40.83,2326.82,0,0,0
1173,56,Female,54,0,29.45,1592.48,2,0,0
1174,74,Male,19,0,86.05,1639.74,1,0,0
1175,36,Male,22,2,32.54,717.24,2,0,0
1176,31,Male,6,1,30.63,176.68,1,0,0
1177,45,Male,22,2,77.78,1716.1,0,0,0
1178,79,Female,53,0,59.28,3125.98,0,0,0
1179,20,Male,6,0,62.51,372.7,1,0,1
1180,57,Male,47,0,52.02,2438.66,1,0,0
1181,52,Female,50,0,37.6,1874.13,2,1,1
1182,21,Male,39,0,38.05,1489.16,2,0,0
1183,33,Male,28,2,80.97,2271.42,2,0,0
1184,48,Female,59,0,73.62,4352.48,2,1,0
1185,47,Male,29,1,79.48,2303.21,0,0,0
1186,28,Female,67,0,59.92,4028.94,3,0,0
1187,52,Female,23,0,30.45,703.33,2,0,0
1188,44,Female,28,1,50.3,1407.65,4,0,0
1189,24,Female,17,2,47.34,812.35,3,0,0
1190,51,Female,71,2,72.22,5134.44,2,1,0
1191,29,Male,20,2,30.86,624.42,1,0,0
1192,48,Female,69,1,90.44,6242.09,1,0,0
1193,24,Female,70,1,88.97,6223.66,3,1,0
1194,33,Female,43,1,33.51,1453.88,1,1,0
1195,49,Male,47,0,71.44,3355.2,2,0,0
1196,21,Female,10,1,58.34,588.53,0,0,0
1197,29,Male,9,0,82.66,741.82,2,0,1
1198,76,Male,9,1,80.98,736.45,2,0,1
1199,46,Male,25,1,51.42,1286.51,0,0,0
1200,24,Female,69,2,40.84,2818.19,0,0,0
1201,25,Male,41,0,69.89,2863.63,2,0,0
1202,70,Female,31,0,27.92,868.48,4,0,0
1203,38,Female,19,0,37.66,724.45,2,0,0
1204,59,Female,53,1,68.84,3650.46,5,0,0
1205,43,Male,12,0,49.77,599.83,3,0,1
1206,52,Male,48,0,78.52,3771.78,1,0,0
1207,25,Female,14,0,48.29,681.21,1,0,0
1208,77,Male,54,1,60.65,3276.32,1,0,0
1209,75,Female,70,0,69.17,4843.78,3,0,0
1210,39,Male,1,2,60.12,65.2,2,0,0
1211,23,Male,24,0,42.26,1017.22,2,0,0
1212,48,Male,61,0,68.85,4201.46,1,0,0
1213,19,Female,39,0,81.67,3187.66,2,0,0
1214,39,Male,31,0,80.7,2501.8,2,1,1
1215,66,Male,5,1,66.91,331.39,2,0,1
1216,52,Male,46,0,36.56,1676.01,1,0,0
1217,57,Male,67,2,47.94,3210.0,1,0,0
1218,78,Male,59,2,60.86,3588.02,0,0,0
1219,18,Male,39,2,69.96,2728.47,4,0,0
1220,24,Male,48,2,72.35,3475.6,2,0,0
1221,41,Male,61,0,87.77,5355.63,3,1,0
1222,36,Female,39,0,41.11,1602.53,2,0,0
1223,26,Female,18,0,57.84,1041.46,1,0,0
1224,40,Female,71,0,28.83,2049.8,1,0,0
1225,45,Male,39,0,48.17,1870.24,1,0,0
1226,22,Female,47,1,70.74,3335.98,4,0,0
1227,68,Male,53,0,29.88,1586.39,1,0,0
1228,71,Male,16,0,92.55,1472.35,1,0,1
1229,63,Female,14,2,60.0,837.24,3,0,0
1230,33,Male,55,0,48.27,2648.89,1,0,0
1231,50,Female,17,0,41.51,710.52,1,0,0
1232,19,Male,19,2,38.16,726.35,1,0,0
1233,41,Female,16,0,70.46,1126.68,1,0,1
1234,34,Female,21,0,76.95,1616.83,1,0,0
1235,39,Female,5,0,38.03,187.59,1,0,0
1236,29,Female,39,2,90.2,3525.92,0,0,0
1237,21,Male,62,0,31.05,1924.41,2,0,0
1238,71,Male,54,1,72.61,3921.75,2,0,0
1239,75,Female,17,1,68.35,1157.66,6,0,1
1240,74,Female,48,0,77.41,3722.98,1,0,0
1241,48,Male,50,0,88.3,4416.47,2,0,0
1242,37,Male,28,1,50.32,1413.29,1,0,0
1243,51,Male,67,1,48.03,3210.45,2,0,0
1244,28,Male,59,0,78.94,4648.02,3,0,0
1245,32,Female,70,0,33.19,2325.28,2,0,0
1246,79,Female,31,0,71.99,2231.33,2,1,1
1247,49,Male,62,1,28.0,1737.64,0,0,0
1248,23,Male,33,0,70.34,2314.57,5,0,1
1249,47,Female,23,0,51.75,1191.98,0,1,1
1250,28,Female,18,1,91.82,1649.55,1,0,0
1251,34,Male,16,2,62.62,1001.21,0,0,0
1252,66,Female,49,1,72.33,3540.84,1,0,0
1253,41,Male,11,0,49.69,542.63,0,0,0
1254,73,Female,46,1,30.96,1425.57,1,0,0
1255,18,Male,65,1,69.81,4539.59,0,0,0
1256,25,Male,25,0,40.04,996.67,0,0,0
1257,41,Female,65,1,58.45,3798.37,2,0,0
1258,54,Female,47,2,49.28,2315.25,3,1,0
1259,65,Female,31,1,69.48,2152.46,2,0,0
1260,66,Female,22,0,70.25,1543.64,3,0,1
1261,59,Male,39,0,65.83,2575.86,2,0,0
1262,43,Male,27,1,70.37,1903.38,0,0,0
1263,32,Female,59,0,30.19,1780.29,0,0,0
1264,42,Male,61,1,70.87,4325.54,2,0,0
1265,36,Female,36,0,36.63,1318.86,0,0,0
1266,18,Female,54,2,51.65,2786.31,2,0,0
1267,76,Female,5,0,32.58,158.1,1,0,0
1268,27,Male,11,0,71.09,772.66,1,0,1
1269,64,Female,9,0,81.57,731.4,1,0,0
1270,19,Male,48,2,69.6,3344.15,1,0,0
1271,30,Female,18,2,72.78,1310.21,1,0,0
1272,42,Female,15,1,37.99,571.31,2,0,0
1273,74,Female,15,0,81.86,1220.56,2,0,1
1274,73,Female,58,0,66.76,3871.01,1,0,0
1275,49,Male,54,2,48.21,2599.63,0,0,0
1276,57,Female,69,1,30.3,2092.67,0,1,0
1277,55,Male,32,1,49.78,1588.95,1,0,0
1278,36,Male,71,0,68.57,4867.78,2,1,0
1279,20,Male,58,1,45.57,2644.05,1,1,0
1280,69,Female,47,1,61.58,2886.61,1,0,0
1281,48,Female,5,2,49.7,244.25,0,0,0
1282,34,Male,37,0,48.76,1811.49,1,0,0
1283,72,Female,35,2,49.74,1736.11,0,0,0
1284,47,Female,23,1,69.73,1603.39,3,0,0
1285,52,Female,31,1,40.2,1242.97,1,0,0
1286,36,Female,56,0,33.34,1870.33,2,0,0
1287,23,Female,16,1,68.48,1096.56,1,0,0
1288,19,Female,28,0,68.4,1919.3,0,0,0
1289,64,Male,7,0,48.78,336.7,2,0,1
1290,55,Female,9,0,85.83,774.7,2,0,1
1291,46,Male,39,0,71.29,2786.43,3,0,0
1292,24,Female,44,2,31.49,1389.26,3,0,0
1293,23,Female,41,1,42.98,1752.66,1,0,0
1294,22,Male,11,1,48.75,546.94,1,1,0
1295,53,Female,23,1,40.58,932.94,3,0,0
1296,76,Female,66,0,31.85,2103.7,1,0,0
1297,51,Male,60,0,32.53,1946.94,4,0,0
1298,43,Male,6,2,66.49,402.54,2,0,0
1299,22,Male,37,1,89.23,3301.98,2,0,0
1300,60,Female,17,0,49.82,844.77,2,0,0
1301,31,Female,65,0,29.13,1889.17,2,0,0
1302,47,Male,8,0,87.95,704.67,3,0,1
1303,30,Female,53,2,45.59,2413.58,2,0,0
1304,74,Male,25,0,65.05,1626.32,2,0,0
1305,26,Male,24,0,39.28,942.99,1,0,0
1306,64,Female,34,2,80.43,2738.2,3,0,0
1307,78,Male,58,1,91.25,5286.69,0,0,0
1308,32,Female,50,1,67.63,3382.28,0,0,0
1309,37,Female,33,0,40.59,1331.81,1,1,0
1310,31,Male,30,0,50.77,1529.08,2,0,0
1311,65,Male,70,0,72.52,5068.06,4,0,0
1312,39,Female,30,0,51.38,1542.93,1,0,0
1313,60,Female,63,0,49.41,3107.8,0,0,0
1314,29,Female,6,1,91.6,543.67,1,0,0
1315,39,Male,26,1,51.52,1336.77,1,0,0
1316,56,Male,39,2,31.72,1231.14,1,0,0
1317,57,Female,6,0,89.38,530.7,2,0,0
1318,43,Male,49,1,40.21,1964.81,2,1,0
1319,24,Male,45,0,88.04,3962.59,1,0,0
1320,45,Male,39,2,88.07,3437.61,1,0,0
1321,51,Male,53,0,61.44,3266.68,1,0,0
1322,58,Female,39,0,52.95,2059.92,1,0,0
1323,58,Female,48,2,90.23,4328.79,2,0,0
1324,22,Female,64,2,52.78,3380.79,2,0,0
1325,52,Male,71,0,70.84,5027.11,2,0,0
1326,52,Male,30,1,71.26,2136.97,1,0,0
1327,56,Female,42,1,89.19,3745.97,0,0,0
1328,19,Male,35,0,40.06,1403.46,4,0,0
1329,34,Female,4,0,61.85,244.97,3,0,1
1330,24,Male,23,2,49.11,1134.47,2,1,0
1331,18,Male,18,2,68.6,1236.41,1,0,0
1332,39,Male,42,0,91.08,3820.16,5,0,0
1333,77,Male,5,1,81.23,414.06,3,0,1
1334,62,Female,39,0,58.78,2291.82,2,0,0
1335,19,Female,18,0,69.19,1254.31,1,0,1
1336,21,Male,61,0,33.84,2065.84,5,0,0
1337,49,Female,39,1,68.8,2684.84,1,0,0
1338,23,Female,40,0,59.07,2367.44,0,1,0
1339,27,Male,26,0,49.37,1275.85,0,0,0
1340,70,Male,37,0,81.83,3023.97,2,0,0
1341,76,Male,18,1,59.88,1075.94,0,0,0
1342,51,Female,33,0,70.33,2324.82,2,0,1
1343,44,Female,44,1,86.31,3795.95,1,0,0
1344,73,Female,57,0,76.21,4350.05,0,0,0
1345,41,Male,22,1,49.05,1077.34,5,0,0
1346,67,Female,47,0,80.45,3781.11,2,0,0
1347,38,Male,31,2,59.25,1834.45,0,1,0
1348,74,Male,33,2,49.41,1635.53,3,0,0
1349,58,Male,8,1,28.51,222.07,2,0,0
1350,63,Female,33,0,69.75,2300.91,1,0,0
1351,60,Female,54,1,36.82,1989.9,2,0,0
1352,62,Male,48,0,39.51,1895.93,2,0,0
1353,31,Female,36,2,89.51,3218.56,1,0,0
1354,44,Male,36,0,50.17,1801.98,1,0,0
1355,56,Male,12,0,70.63,845.08,1,0,1
1356,30,Male,71,0,71.27,5063.35,3,0,0
1357,27,Male,20,2,90.92,1822.13,0,0,0
1358,64,Male,19,1,49.95,949.19,1,0,0
1359,31,Male,57,2,69.15,3941.79,4,1,0
1360,18,Male,39,1,90.27,3519.82,0,0,0
1361,45,Male,61,2,28.55,1743.0,1,0,0
1362,35,Male,59,2,90.86,5361.1,2,0,0
1363,72,Female,15,2,58.02,872.34,1,0,0
1364,30,Female,70,0,51.14,3581.45,1,0,0
1365,49,Female,9,1,80.49,724.02,1,0,1
1366,66,Female,13,0,79.25,1024.79,0,1,1
1367,64,Female,1,0,42.6,39.73,3,1,1
1368,29,Male,9,0,92.46,832.56,0,1,1
1369,44,Male,2,0,50.17,92.62,4,0,1
1370,53,Female,16,1,60.29,961.29,3,0,0
1371,40,Female,29,1,88.85,2586.46,1,0,0
1372,58,Female,16,0,46.46,746.59,0,1,0
1373,22,Female,66,1,30.76,2027.54,0,0,0
1374,30,Male,22,0,69.55,1514.79,0,0,0
1375,77,Female,34,1,35.37,1204.14,0,0,0
1376,55,Male,3,1,30.44,87.61,1,0,0
1377,59,Female,35,2,32.84,1158.57,1,0,0
1378,78,Female,23,0,71.86,1653.32,3,0,1
1379,49,Female,68,0,90.1,6122.37,2,0,0
1380,55,Female,63,0,80.66,5076.23,0,1,0
1381,56,Male,39,0,49.78,1943.72,1,0,0
1382,36,Female,17,1,32.76,554.18,0,0,0
1383,57,Female,24,0,51.23,1231.17,2,0,1
1384,39,Male,55,0,86.56,4759.02,3,0,0
1385,24,Female,58,0,94.0,5451.04,1,0,0
1386,39,Male,17,1,39.13,668.58,1,0,0
1387,61,Male,57,0,40.1,2284.45,2,0,0
1388,42,Female,66,2,63.11,4161.43,2,0,0
1389,69,Female,9,0,51.49,467.1,0,1,1
1390,63,Male,11,1,62.28,691.13,1,0,0
1391,77,Male,51,0,71.2,3626.83,2,1,1
1392,68,Female,21,0,83.02,1739.54,1,1,1
1393,57,Male,37,0,59.2,2188.0,3,0,0
1394,60,Male,10,1,43.34,429.02,1,0,0
1395,60,Female,23,1,69.33,1597.8,0,0,0
1396,30,Male,59,0,29.49,1745.48,2,0,0
1397,51,Male,30,0,77.87,2338.29,2,0,0
1398,50,Male,11,0,80.67,891.94,2,0,1
1399,49,Female,41,0,65.71,2693.34,2,0,0
1400,40,Male,39,0,73.18,2848.01,0,0,0
1401,77,Male,3,2,50.96,152.19,1,1,0
1402,53,Female,30,1,49.1,1474.84,1,0,0
1403,21,Male,17,1,70.41,1200.99,0,1,0
1404,72,Male,65,1,47.29,3069.94,1,0,0
1405,19,Female,64,0,39.76,2549.14,1,1,0
1406,34,Female,44,0,94.3,4152.27,0,0,0
1407,43,Female,60,0,68.74,4120.26,2,0,0
1408,20,Female,49,0,55.68,2732.26,0,0,0
1409,22,Male,10,0,50.58,503.51,1,0,0
1410,22,Male,6,1,31.49,180.04,1,0,1
1411,63,Female,47,0,49.48,2328.11,1,0,0
1412,37,Male,38,1,82.56,3142.46,6,1,1
1413,21,Male,29,0,92.4,2679.45,1,0,0
1414,30,Female,59,0,91.06,5375.89,1,0,0
1415,62,Female,63,1,83.13,5241.36,4,0,0
1416,73,Male,65,0,50.79,3293.39,1,0,0
1417,29,Male,35,0,70.26,2456.5,0,1,0
1418,57,Female,39,1,57.0,2227.41,2,0,0
1419,65,Female,16,1,49.31,777.97,2,0,0
1420,47,Male,38,1,50.26,1908.95,2,0,0
1421,30,Male,48,0,46.45,2225.96,2,0,0
1422,56,Female,8,0,52.13,416.28,3,0,0
1423,19,Male,50,2,69.12,3460.68,0,0,0
1424,18,Male,65,1,90.97,5914.25,0,0,0
1425,23,Male,7,0,61.06,423.18,2,0,1
1426,53,Male,13,0,51.71,672.41,2,0,1
1427,22,Female,1,0,78.89,77.78,3,0,1
1428,73,Male,48,0,33.61,1617.38,0,0,0
1429,75,Female,34,0,57.93,1970.42,0,0,0
1430,38,Male,54,2,68.41,3687.15,2,0,0
1431,66,Male,63,2,72.11,4544.17,2,0,0
1432,28,Male,55,2,56.04,3083.91,1,1,0
1433,58,Male,68,0,70.23,4776.64,2,0,0
1434,70,Female,26,1,81.84,2127.5,1,0,0
1435,24,Female,39,1,59.6,2320.34,1,0,0
1436,74,Male,61,0,79.89,4872.26,2,0,0
1437,38,Male,67,0,81.11,5436.38,2,0,0
1438,45,Female,6,0,52.6,317.73,2,0,1
1439,45,Female,8,0,32.17,257.28,2,0,0
1440,77,Female,25,1,68.5,1702.63,1,0,0
1441,37,Female,13,0,38.83,503.34,0,0,0
1442,56,Female,6,1,59.06,345.0,2,0,1
1443,20,Male,21,1,30.04,629.44,2,0,0
1444,57,Female,46,0,69.21,3189.64,2,0,0
1445,46,Male,46,1,61.04,2806.72,1,0,0
1446,78,Female,3,2,40.83,120.8,0,0,0
1447,74,Male,6,0,77.97,479.91,2,0,1
1448,49,Female,26,0,31.24,811.3,0,1,0
1449,19,Male,70,1,29.79,2089.37,0,0,0
1450,27,Female,59,1,53.93,3183.36,2,1,0
1451,33,Female,24,1,46.48,1115.78,2,0,0
1452,61,Female,56,1,39.71,2221.1,0,0,0
1453,74,Male,8,1,47.95,376.36,2,0,1
1454,76,Male,55,0,80.94,4455.62,2,0,0
1455,49,Male,69,0,61.3,4225.63,4,0,0
1456,77,Male,20,1,50.22,1000.04,1,0,0
1457,65,Male,15,1,48.09,716.9,0,0,0
1458,54,Male,16,1,74.34,1188.44,2,0,0
1459,49,Female,71,2,89.33,6345.54,1,0,0
1460,41,Male,66,0,62.68,4132.35,1,0,0
1461,29,Female,56,2,72.2,4038.49,2,0,0
1462,22,Male,48,0,50.99,2451.24,1,0,0
1463,33,Male,9,1,68.27,613.15,3,1,1
1464,23,Female,6,1,40.27,235.95,2,1,1
1465,70,Male,21,0,38.31,809.18,1,0,0
1466,59,Female,27,0,32.66,883.43,2,0,0
1467,33,Male,4,0,47.85,191.49,2,0,0
1468,69,Male,33,0,69.85,2302.94,2,0,0
1469,72,Female,67,1,48.36,3232.09,1,0,0
1470,60,Male,38,2,51.26,1943.75,3,1,0
1471,62,Female,14,2,92.81,1296.13,2,0,0
1472,44,Female,46,1,30.06,1380.67,2,0,0
1473,74,Female,60,1,51.87,3114.58,1,0,0
1474,27,Female,29,0,60.46,1757.35,4,0,1
1475,74,Male,30,0,50.9,1525.25,3,1,1
1476,54,Female,69,1,70.79,4877.85,2,0,0
1477,62,Male,11,2,28.8,313.43,1,1,0
1478,64,Female,7,0,68.92,489.07,0,0,0
1479,48,Female,53,1,81.37,4310.36,2,0,0
1480,22,Female,27,2,71.16,1921.62,5,0,0
1481,55,Female,17,0,73.05,1243.8,1,0,1
1482,37,Female,45,1,73.47,3308.83,3,0,0
1483,72,Female,33,0,30.46,1011.05,1,0,0
1484,63,Female,59,1,52.13,3074.01,1,1,0
1485,40,Female,1,0,50.02,44.17,1,0,1
1486,75,Female,61,1,70.81,4313.88,0,0,0
1487,42,Male,14,0,90.6,1264.57,0,0,0
1488,45,Female,65,0,51.84,3368.57,2,0,0
1489,51,Male,35,0,51.67,1808.92,0,0,0
1490,46,Female,63,1,70.6,4441.93,0,0,0
1491,75,Female,14,2,28.0,389.83,0,0,0
1492,39,Male,28,1,61.42,1730.07,1,1,1
1493,50,Male,37,1,70.78,2620.74,1,0,0
1494,47,Male,37,1,28.02,1029.39,1,0,0
1495,22,Male,27,2,73.42,1978.35,1,1,0
1496,55,Female,22,0,50.92,1128.53,3,0,0
1497,58,Female,14,2,68.54,955.92,3,0,0
1498,60,Female,50,0,93.27,4653.18,2,0,0
1499,39,Female,25,0,62.41,1556.02,1,0,0
1500,26,Female,48,1,78.31,3747.1,1,0,0
1501,76,Male,63,1,69.78,4401.74,0,1,0
1502,53,Female,29,1,80.01,2319.75,2,0,0
1503,35,Male,70,0,51.22,3585.08,3,0,0
1504,41,Female,53,2,70.59,3746.05,1,0,0
1505,64,Female,1,1,73.43,73.25,4,0,1
1506,51,Male,50,0,59.26,2961.62,0,0,0
1507,71,Female,39,1,79.18,3093.55,2,0,0
1508,49,Male,32,0,79.46,2536.42,0,0,0
1509,40,Female,36,1,44.2,1589.75,2,0,0
1510,70,Female,5,2,60.82,304.05,1,0,0
1511,79,Female,11,0,67.71,738.21,4,0,1
1512,18,Male,20,0,76.94,1548.25,2,0,0
1513,63,Female,37,1,67.83,2516.75,1,0,0
1514,31,Female,4,0,68.5,274.38,1,0,1
1515,28,Male,59,1,28.35,1674.42,2,0,0
1516,60,Female,5,1,47.27,237.51,0,1,0
1517,77,Female,67,2,28.53,1897.33,1,0,0
1518,37,Female,70,0,28.1,1980.06,2,0,0
1519,34,Male,68,0,65.74,4462.66,1,0,0
1520,20,Male,70,0,57.89,4049.5,1,0,0
1521,46,Female,23,1,51.2,1182.71,1,0,0
1522,23,Female,33,0,79.35,2613.63,1,1,1
1523,76,Male,19,0,82.61,1564.52,1,0,0
1524,76,Female,26,0,79.87,2071.94,2,0,1
1525,63,Female,25,0,65.6,1641.05,0,0,0
1526,78,Female,5,2,70.43,356.16,1,0,0
1527,74,Female,5,0,38.55,196.96,2,0,1
1528,32,Female,10,0,51.44,524.42,1,0,0
1529,61,Male,52,0,69.91,3632.56,4,0,0
1530,76,Female,48,1,89.81,4304.63,2,0,0
1531,20,Female,3,0,69.96,204.17,0,0,0
1532,33,Female,42,1,61.14,2567.79,1,0,0
1533,65,Female,38,2,72.45,2753.0,3,0,0
1534,60,Male,64,2,53.04,3396.82,3,0,0
1535,72,Female,51,1,28.12,1437.43,2,1,0
1536,63,Male,61,0,29.33,1784.68,0,0,0
1537,74,Female,11,2,71.03,784.05,0,0,0
1538,26,Female,26,1,80.22,2081.73,2,0,0
1539,43,Male,36,0,65.85,2374.36,1,0,1
1540,51,Female,36,0,66.89,2399.65,1,0,0
1541,44,Male,35,0,70.72,2468.83,1,0,0
1542,42,Female,69,2,76.46,5278.07,0,0,0
1543,77,Female,32,1,38.22,1230.83,3,1,1
1544,65,Male,66,0,41.05,2713.19,0,0,0
1545,51,Female,47,2,50.43,2368.86,2,0,0
1546,76,Female,18,1,79.11,1425.58,3,0,0
1547,26,Male,56,0,48.1,2693.78,4,0,0
1548,69,Female,55,0,70.25,3855.95,1,0,0
1549,46,Female,52,1,57.74,3004.65,1,1,0
1550,46,Female,53,1,91.95,4858.18,1,0,0
1551,45,Female,6,0,60.86,369.55,3,1,1
1552,20,Female,60,0,51.61,3094.57,1,0,0
1553,26,Male,66,0,52.2,3438.61,1,1,0
1554,45,Male,21,0,30.27,638.83,1,0,0
1555,49,Female,56,0,81.9,4587.0,2,0,0
1556,38,Female,39,0,90.74,3535.48,2,0,0
1557,75,Male,60,0,70.87,4257.53,1,0,0
1558,36,Female,22,1,69.33,1529.25,2,0,0
1559,52,Female,24,2,49.84,1197.56,0,1,0
1560,67,Male,51,1,88.24,4498.34,2,0,0
1561,38,Male,53,2,79.62,4231.23,1,0,0
1562,29,Male,23,0,93.27,2146.87,3,0,0
1563,19,Male,31,1,69.25,2145.04,1,0,0
1564,76,Male,23,0,51.45,1183.88,2,0,0
1565,33,Female,33,2,81.11,2677.37,2,0,0
1566,65,Male,7,0,54.07,379.76,3,0,1
1567,53,Male,8,0,48.17,389.68,2,0,0
1568,47,Male,21,2,41.31,863.48,2,0,0
1569,21,Female,38,1,88.34,3353.03,1,0,0
1570,74,Male,52,0,60.85,3168.05,4,0,0
1571,49,Male,1,2,38.74,39.19,1,0,0
1572,74,Female,42,0,80.49,3379.79,2,0,0
1573,24,Female,28,2,27.33,765.28,3,1,0
1574,78,Male,69,0,68.25,4706.9,1,0,0
1575,44,Male,59,0,93.09,5492.54,3,0,0
1576,46,Female,69,2,52.69,3630.76,0,0,0
1577,61,Female,45,0,48.22,2169.51,0,0,0
1578,51,Male,66,1,52.36,3462.71,3,0,0
1579,53,Female,21,0,32.11,679.29,2,0,1
1580,75,Male,29,0,90.26,2620.43,2,0,1
1581,28,Male,3,0,52.15,156.46,2,0,1
1582,38,Female,4,0,49.57,206.37,3,0,0
1583,23,Male,54,1,62.69,3385.67,3,0,0
1584,57,Female,24,1,50.25,1207.63,0,0,0
1585,69,Male,57,0,38.36,2192.25,1,1,0
1586,48,Female,64,0,63.09,4035.67,1,0,0
1587,63,Male,49,1,46.96,2304.74,1,0,0
1588,29,Male,10,2,80.12,792.24,1,1,0
1589,76,Female,54,2,52.43,2840.08,3,0,0
1590,44,Male,41,1,68.48,2804.24,0,0,0
1591,74,Male,53,0,26.68,1424.46,1,0,0
1592,52,Female,55,0,52.58,2892.92,2,0,0
1593,62,Female,34,0,28.38,968.75,0,1,0
1594,77,Female,4,1,50.87,202.09,0,0,0
1595,79,Female,41,0,88.77,3642.12,3,0,1
1596,47,Female,30,2,30.18,901.77,4,0,0
1597,71,Male,24,0,80.8,1937.01,1,0,1
1598,41,Male,29,1,49.73,1445.55,1,1,0
1599,27,Male,52,0,71.16,3696.23,1,0,0
1600,66,Female,8,0,62.93,506.34,0,0,0
1601,77,Male,38,2,30.31,1151.59,2,0,0
1602,62,Female,54,0,71.11,3848.37,1,0,0
1603,23,Male,41,0,58.39,2396.28,1,0,0
1604,23,Male,11,1,72.86,789.98,1,1,1
1605,38,Male,60,1,60.92,3658.93,1,0,0
1606,61,Male,33,0,69.1,2274.4,1,0,0
1607,54,Male,60,1,35.83,2153.09,1,0,0
1608,37,Female,8,2,27.73,212.07,0,0,0
1609,78,Male,44,1,48.14,2115.83,3,0,0
1610,63,Male,20,2,30.16,606.06,0,0,0
1611,38,Female,34,0,35.76,1212.7,0,0,0
1612,23,Male,56,0,28.19,1578.61,1,0,0
1613,61,Male,62,0,56.49,3503.81,3,0,0
1614,49,Male,34,1,40.18,1375.35,0,0,0
1615,78,Female,51,2,49.7,2530.75,0,0,0
1616,50,Male,26,0,81.93,2137.39,2,0,0
1617,31,Female,68,2,89.48,6076.73,0,0,0
1618,53,Female,28,0,71.76,2005.32,2,0,1
1619,60,Female,16,0,55.26,879.99,2,0,0
1620,32,Female,69,0,69.63,4807.68,0,1,0
1621,41,Female,57,1,51.04,2918.65,1,0,0
1622,42,Male,67,0,53.84,3601.65,1,0,0
1623,73,Male,64,0,39.24,2506.94,1,0,0
1624,44,Female,17,0,30.53,512.77,3,0,0
1625,38,Female,23,1,51.52,1191.88,1,0,0
1626,27,Male,14,0,70.71,987.95,1,0,1
1627,77,Female,22,0,59.9,1316.01,6,0,1
1628,58,Male,64,1,71.21,4560.28,1,1,0
1629,75,Female,6,0,48.76,282.86,4,1,1
1630,58,Female,14,1,46.71,649.25,1,0,0
1631,61,Female,28,1,38.78,1087.13,1,1,0
1632,25,Male,38,2,68.35,2594.33,1,0,0
1633,41,Male,38,0,74.66,2838.8,1,1,0
1634,73,Female,68,1,59.06,4011.15,0,0,0
1635,57,Female,1,2,50.97,52.88,0,0,0
1636,26,Female,27,0,37.29,996.77,0,1,0
1637,46,Male,54,0,77.59,4198.52,1,0,0
1638,62,Male,4,0,81.48,329.27,0,0,1
1639,18,Male,18,1,49.08,893.61,0,0,0
1640,38,Female,30,0,52.88,1584.68,2,0,0
1641,68,Female,64,0,33.01,2110.99,1,0,0
1642,66,Female,60,1,68.63,4115.55,0,1,0
1643,31,Female,43,0,31.21,1336.63,4,0,0
1644,31,Female,17,1,49.09,829.34,2,0,0
1645,77,Male,28,2,49.29,1393.26,2,0,0
1646,40,Male,35,2,70.92,2481.81,0,0,0
1647,43,Female,38,0,64.99,2471.32,2,0,0
1648,41,Male,61,0,90.08,5497.16,0,0,0
1649,51,Male,68,0,62.22,4231.24,1,0,0
1650,61,Female,22,1,70.67,1554.89,0,0,0
1651,77,Male,62,0,88.78,5497.43,1,0,0
1652,52,Male,14,1,89.99,1260.72,2,0,1
1653,30,Female,25,0,29.91,751.68,3,0,1
1654,58,Female,51,0,41.11,2092.83,0,0,0
1655,35,Male,32,0,66.74,2139.99,1,1,1
1656,52,Female,24,1,71.56,1717.13,0,0,0
1657,65,Female,66,0,70.4,4641.29,0,0,0
1658,56,Male,2,0,29.41,58.31,1,0,0
1659,19,Female,69,2,59.93,4138.1,2,0,0
1660,20,Female,17,1,29.25,496.58,0,0,0
1661,79,Female,56,0,51.43,2877.0,1,0,0
1662,74,Male,64,2,62.08,3969.81,1,0,0
1663,22,Male,31,0,49.5,1525.72,3,1,1
1664,35,Female,26,0,31.55,819.48,0,0,0
1665,61,Female,48,0,40.1,1921.04,3,0,0
1666,29,Male,60,0,29.78,1792.33,3,1,0
1667,63,Female,40,1,72.24,2892.16,3,0,0
1668,57,Female,14,1,60.84,848.43,2,0,1
1669,76,Female,30,0,78.72,2359.69,0,0,0
1670,41,Female,58,1,57.06,3311.15,1,0,0
1671,69,Female,22,2,50.56,1105.91,2,0,0
1672,47,Female,43,0,58.05,2485.47,1,0,0
1673,69,Female,2,1,71.05,139.34,1,1,1
1674,69,Male,1,1,89.95,79.98,0,0,1
1675,56,Male,12,1,51.72,623.97,0,0,0
1676,63,Male,4,0,27.62,114.5,2,0,0
1677,49,Female,70,1,67.16,4699.24,1,0,0
1678,64,Female,22,1,72.2,1573.03,2,0,0
1679,28,Female,16,2,67.03,1071.06,3,0,0
1680,77,Male,69,0,60.83,4191.5,0,0,0
1681,43,Female,31,0,43.76,1355.64,0,0,0
1682,50,Female,25,1,80.27,2003.69,2,1,0
1683,62,Female,71,2,91.48,6493.72,2,1,0
1684,22,Female,22,0,51.06,1115.02,1,0,0
1685,60,Male,61,2,44.27,2692.95,4,0,0
1686,20,Female,65,0,70.93,4611.87,3,0,0
1687,32,Female,26,0,89.61,2326.52,1,0,0
1688,73,Female,48,0,67.83,3266.67,1,0,0
1689,36,Male,12,0,69.1,829.42,1,1,1
1690,49,Male,29,1,74.14,2153.54,5,0,1
1691,78,Female,44,2,69.16,3046.45,0,0,0
1692,44,Female,28,2,68.58,1933.41,2,0,0
1693,38,Male,11,1,57.88,639.6,2,0,0
1694,25,Female,47,0,71.56,3363.15,4,0,0
1695,22,Male,14,0,77.38,1082.36,1,0,1
1696,42,Male,1,0,89.44,79.32,2,1,1
1697,31,Female,71,1,89.87,6387.0,0,0,0
1698,78,Male,19,1,32.19,612.5,3,1,0
1699,67,Male,54,1,95.14,5148.14,0,0,0
1700,29,Male,58,0,51.82,3008.96,2,0,0
1701,55,Female,64,0,58.2,3722.12,0,1,0
1702,72,Female,44,2,80.73,3556.52,1,0,0
1703,53,Male,3,0,52.82,152.94,3,0,1
1704,70,Female,30,0,55.88,1681.95,0,0,0
1705,43,Male,44,1,78.13,3442.24,1,0,0
1706,48,Female,18,2,61.25,1102.68,0,0,0
1707,20,Female,50,0,81.74,4087.69,0,0,0
1708,71,Female,21,2,90.43,1901.19,1,0,0
1709,44,Female,47,2,30.58,1435.95,0,0,0
1710,57,Male,60,1,77.84,4668.03,1,0,0
1711,32,Female,52,1,78.71,4097.29,0,1,0
1712,37,Female,33,1,68.02,2240.35,1,0,0
1713,39,Female,45,2,71.82,3238.19,2,0,0
1714,30,Male,32,0,78.6,2514.42,0,0,0
1715,26,Female,13,2,78.03,1020.55,0,0,0
1716,55,Female,56,0,92.26,5167.85,1,0,0
1717,74,Male,51,0,52.02,2645.38,0,0,0
1718,55,Female,33,2,32.4,1060.17,1,0,0
1719,43,Female,45,1,61.02,2758.31,2,0,0
1720,70,Female,16,1,92.01,1478.39,1,0,0
1721,47,Female,42,1,53.1,2238.69,0,0,0
1722,27,Female,35,0,40.51,1412.62,2,0,0
1723,31,Male,23,1,69.77,1602.33,0,0,0
1724,77,Male,45,1,53.29,2407.61,0,0,0
1725,47,Female,50,1,72.65,3631.69,0,0,0
1726,34,Female,68,0,41.86,2848.85,1,0,0
1727,74,Male,23,0,79.0,1818.21,1,0,0
1728,27,Female,19,1,33.46,628.71,2,0,0
1729,77,Female,43,2,88.99,3828.13,2,0,0
1730,71,Female,46,1,70.12,3229.87,3,0,0
1731,78,Female,48,1,53.82,2582.72,1,0,0
1732,42,Female,23,0,40.19,922.12,2,0,0
1733,46,Female,37,2,29.7,1101.2,4,0,0
1734,42,Male,12,0,38.21,462.92,1,0,0
1735,63,Female,68,0,29.69,2016.5,1,0,0
1736,34,Female,15,0,48.18,730.66,4,0,1
1737,21,Male,14,2,27.58,392.06,2,1,0
1738,38,Female,38,0,72.65,2763.79,0,0,0
1739,46,Female,67,2,60.67,4069.32,4,1,0
1740,33,Female,40,1,70.47,2824.6,1,0,0
1741,68,Female,12,0,71.28,852.85,1,1,1
1742,27,Female,67,0,69.46,4650.43,2,0,0
1743,66,Male,68,0,49.22,3344.21,1,0,0
1744,52,Female,67,0,50.15,3366.93,2,0,0
1745,22,Male,33,1,70.54,2319.86,1,0,0
1746,35,Male,44,0,72.42,3196.28,1,0,0
1747,37,Male,54,0,30.22,1631.29,3,0,0
1748,65,Female,11,1,67.46,744.3,2,0,0
1749,32,Male,58,0,41.32,2400.63,2,0,0
1750,70,Female,4,0,73.08,287.61,2,1,1
1751,37,Female,45,1,61.29,2758.67,0,0,0
1752,26,Female,20,2,41.13,825.67,1,0,0
1753,77,Male,15,0,27.56,414.47,2,0,0
1754,58,Female,61,1,38.9,2373.89,3,0,0
1755,35,Female,2,2,71.25,135.67,2,0,0
1756,27,Male,39,2,79.4,3096.1,1,0,0
1757,76,Male,65,1,49.16,3196.91,0,0,0
1758,67,Female,2,0,79.88,154.65,2,0,1
1759,79,Female,16,2,28.13,444.15,0,0,0
1760,54,Male,36,0,60.35,2173.21,1,0,0
1761,59,Male,63,2,51.62,3254.81,3,0,0
1762,29,Female,20,0,76.89,1542.02,0,0,1
1763,74,Male,18,0,59.64,1082.96,3,0,1
1764,32,Female,13,1,73.11,959.92,2,0,0
1765,19,Female,17,1,84.1,1431.11,3,1,1
1766,57,Male,60,2,31.07,1868.2,1,0,0
1767,71,Male,51,1,87.95,4485.61,1,0,0
1768,43,Female,48,2,48.74,2339.68,1,0,0
1769,25,Female,28,0,29.72,827.26,2,1,0
1770,58,Female,44,1,39.8,1750.38,1,0,0
1771,25,Male,55,1,69.51,3828.38,1,0,0
1772,64,Male,17,1,67.9,1157.3,0,0,0
1773,56,Male,40,2,61.77,2469.41,1,0,0
1774,39,Female,59,2,61.05,3604.0,2,0,0
1775,65,Female,62,1,57.1,3543.57,3,0,0
1776,49,Male,23,1,26.35,598.87,1,1,1
1777,70,Male,24,2,90.65,2179.83,2,0,0
1778,61,Male,39,2,58.36,2287.02,3,0,0
1779,64,Female,14,1,59.52,835.54,4,0,0
1780,57,Male,67,0,79.11,5302.69,1,0,0
1781,25,Male,65,0,55.36,3603.16,2,0,0
1782,53,Male,5,0,60.96,306.8,1,0,1
1783,67,Female,71,0,92.51,6569.75,0,0,0
1784,39,Female,12,1,68.53,814.53,0,0,0
1785,19,Male,27,1,50.7,1369.6,1,0,0
1786,27,Female,54,1,76.86,4161.77,1,0,0
1787,76,Male,35,0,61.06,2139.65,5,0,1
1788,25,Female,10,0,82.3,823.43,1,0,1
1789,56,Male,55,0,88.86,4889.94,1,0,0
1790,59,Male,26,1,40.27,1049.8,1,0,0
1791,48,Male,7,2,39.93,284.87,2,0,0
1792,53,Female,49,1,48.22,2362.72,0,0,0
1793,37,Female,44,1,30.04,1323.56,2,0,0
1794,51,Male,12,0,79.51,953.94,0,0,1
1795,74,Male,36,0,39.3,1419.37,2,0,0
1796,49,Male,8,2,71.69,582.46,2,0,0
1797,64,Male,44,1,48.71,2150.31,0,0,0
1798,54,Male,54,0,29.5,1589.64,1,0,0
1799,29,Female,58,0,73.97,4294.2,4,0,0
1800,78,Male,8,0,72.43,577.09,2,1,1
1801,33,Male,49,1,80.62,3952.11,0,0,0
1802,27,Male,60,0,71.67,4297.51,3,0,0
1803,75,Male,44,0,70.02,3088.19,1,0,0
1804,55,Male,32,0,51.07,1631.79,1,0,0
1805,67,Female,9,1,47.19,420.42,2,0,0
1806,63,Female,45,0,67.97,3059.97,1,0,0
1807,74,Male,25,0,77.51,1934.96,2,0,1
1808,43,Male,28,0,79.95,2232.72,1,1,1
1809,68,Male,17,0,47.87,816.48,0,0,0
1810,40,Female,53,0,83.74,4432.96,1,1,1
1811,77,Male,5,1,41.64,206.48,3,0,1
1812,56,Female,22,0,59.09,1297.41,1,0,1
1813,43,Female,60,0,69.12,4147.93,1,1,0
1814,65,Male,65,0,81.86,5310.36,3,0,0
1815,51,Male,22,0,28.43,628.48,1,0,0
1816,73,Female,49,2,78.61,3855.94,1,0,0
1817,56,Male,3,0,46.31,139.77,1,0,0
1818,22,Female,5,1,81.16,398.99,0,0,0
1819,78,Male,3,0,81.99,247.39,1,0,1
1820,69,Female,68,0,65.77,4468.24,2,0,0
1821,65,Female,2,1,70.18,147.26,3,1,1
1822,19,Female,30,0,41.78,1259.31,0,0,0
1823,20,Male,37,2,49.99,1851.17,1,0,0
1824,45,Male,32,0,67.22,2146.48,3,0,0
1825,64,Male,19,0,46.16,870.1,1,0,0
1826,25,Female,1,1,90.4,94.79,2,0,1
1827,19,Male,24,2,71.43,1715.15,0,0,0
1828,55,Female,57,0,88.14,5029.22,1,0,0
1829,77,Female,22,2,62.16,1364.19,3,0,0
1830,49,Female,9,1,72.09,655.88,0,0,0
1831,63,Female,60,2,38.95,2333.23,1,0,0
1832,77,Male,41,2,49.0,2012.75,2,0,0
1833,41,Female,39,1,71.86,2800.9,1,0,0
1834,18,Female,55,0,70.86,3896.76,2,0,0
1835,23,Female,18,0,86.21,1555.01,2,0,0
1836,36,Male,35,0,88.48,3104.96,3,1,1
1837,76,Female,12,1,67.75,817.67,1,0,0
1838,31,Female,31,0,59.59,1838.95,2,0,0
1839,20,Female,50,0,82.8,4140.05,1,0,0
1840,56,Female,21,0,69.01,1450.2,1,0,0
1841,40,Female,53,0,71.02,3764.78,2,0,0
1842,36,Female,2,0,88.31,180.17,1,0,1
1843,58,Female,13,2,69.0,893.54,1,1,0
1844,57,Male,45,0,49.54,2233.52,2,0,0
1845,77,Female,51,2,48.6,2474.5,0,0,0
1846,19,Male,62,2,59.65,3700.25,5,0,0
1847,66,Male,25,0,63.79,1596.53,3,0,0
1848,31,Female,25,2,63.31,1585.29,1,0,0
1849,41,Female,51,0,42.09,2140.52,1,0,0
1850,20,Female,29,1,45.86,1326.34,0,0,0
1851,34,Male,15,0,89.13,1339.99,0,0,1
1852,75,Female,27,0,84.84,2291.99,0,0,0
1853,73,Female,39,0,48.21,1889.48,1,0,0
1854,60,Female,56,0,49.72,2780.89,0,1,0
1855,43,Female,68,0,67.61,4596.06,1,0,0
1856,44,Male,67,0,49.78,3336.88,1,0,0
1857,43,Male,43,0,38.71,1674.34,3,0,0
1858,67,Male,61,0,90.37,5507.44,1,0,0
1859,61,Female,54,1,52.23,2814.84,1,0,0
1860,42,Male,21,2,73.52,1546.69,0,0,0
1861,51,Male,23,2,28.47,667.4,0,1,0
1862,61,Male,1,2,72.96,68.1,1,0,0
1863,30,Male,16,0,49.36,788.37,1,0,0
1864,35,Female,9,0,52.13,460.28,1,0,0
1865,60,Male,8,0,68.74,547.18,2,0,1
1866,59,Female,36,1,66.97,2418.37,3,1,1
1867,72,Male,42,2,78.12,3281.89,1,0,0
1868,35,Female,27,0,50.67,1372.42,3,0,1
1869,42,Male,37,0,70.62,2608.58,2,0,0
1870,33,Male,20,1,72.54,1447.56,0,0,0
1871,28,Female,48,0,66.81,3202.8,2,0,0
1872,27,Male,42,0,67.86,2847.59,0,0,0
1873,41,Female,16,0,43.32,695.14,4,0,1
1874,30,Female,4,0,68.66,285.42,1,0,1
1875,27,Male,49,0,92.83,4555.34,1,0,0
1876,76,Male,10,0,73.29,731.83,1,1,1
1877,52,Male,67,0,70.36,4713.8,1,0,0
1878,47,Male,3,0,89.55,269.5,2,0,1
1879,35,Male,35,0,54.1,1893.96,1,0,0
1880,28,Female,29,0,68.48,1983.29,0,1,1
1881,23,Female,42,0,41.18,1739.41,2,0,0
1882,51,Female,61,2,49.2,3004.84,3,0,0
1883,30,Male,5,0,52.08,256.68,2,0,1
1884,52,Male,2,1,55.18,118.43,1,0,0
1885,41,Male,23,1,49.78,1148.4,0,0,0
1886,65,Female,3,1,93.37,288.18,1,0,0
1887,46,Male,34,2,51.78,1761.14,1,0,0
1888,42,Male,65,0,71.65,4655.74,4,0,0
1889,56,Male,7,2,50.95,370.87,6,0,1
1890,59,Male,62,0,68.75,4262.73,1,0,0
1891,56,Male,20,2,43.34,866.21,1,0,0
1892,46,Male,70,1,32.12,2247.52,0,0,0
1893,76,Female,46,1,66.76,3063.02,2,0,0
1894,53,Male,48,2,80.16,3850.32,3,0,0
1895,39,Male,66,0,93.06,6135.26,1,1,0
1896,47,Male,18,2,29.96,532.34,1,0,0
1897,43,Male,57,1,70.14,3997.15,3,1,0
1898,64,Female,37,1,88.25,3264.7,3,0,0
1899,55,Female,54,1,41.54,2247.67,1,0,0
1900,77,Female,49,0,59.56,2919.64,2,1,1
1901,36,Male,10,0,49.74,498.09,0,0,1
1902,47,Female,70,0,62.57,4383.73,1,0,0
1903,65,Female,23,0,70.15,1617.76,3,0,0
1904,51,Male,22,0,49.01,1080.02,2,1,1
1905,29,Male,44,2,50.06,2204.74,1,0,0
1906,46,Male,41,2,39.03,1596.95,1,1,0
1907,45,Female,9,1,88.71,796.41,1,0,0
1908,53,Female,44,0,87.68,3858.12,5,0,0
1909,54,Male,60,0,61.65,3709.81,0,0,0
1910,44,Female,25,0,41.53,1035.07,2,0,0
1911,29,Female,2,2,46.32,84.43,0,0,0
1912,22,Female,69,0,59.0,4067.42,0,0,0
1913,52,Female,16,0,80.1,1282.48,1,0,0
1914,52,Female,59,0,30.41,1797.17,1,0,0
1915,70,Female,45,2,80.15,3599.91,0,0,0
1916,79,Female,52,0,79.71,4148.99,1,1,0
1917,59,Female,19,0,70.91,1347.34,1,0,0
1918,35,Female,37,2,64.61,2386.68,2,1,0
1919,30,Female,43,1,74.36,3203.71,1,0,0
1920,52,Male,57,1,31.54,1803.49,2,0,0
1921,24,Female,33,0,74.5,2459.32,3,0,1
1922,72,Female,49,0,70.59,3460.14,1,0,0
1923,46,Female,40,2,89.49,3583.71,4,0,0
1924,70,Male,41,0,92.79,3808.6,2,0,0
1925,19,Female,67,0,70.88,4754.71,0,0,0
1926,24,Female,39,0,73.13,2849.43,1,0,0
1927,41,Female,57,0,81.68,4656.22,3,0,0
1928,72,Male,27,1,68.91,1856.82,1,0,0
1929,52,Female,69,0,89.27,6162.68,0,0,0
1930,36,Female,58,0,39.31,2288.4,2,0,0
1931,25,Female,2,2,73.91,145.9,2,0,0
1932,34,Female,9,1,41.44,377.24,1,0,0
1933,46,Female,60,0,59.94,3605.09,3,0,0
1934,79,Female,63,1,40.62,2561.96,2,1,0
1935,63,Female,58,1,71.49,4143.72,0,0,0
1936,22,Female,10,0,28.81,284.86,2,0,0
1937,69,Male,62,2,86.86,5387.82,2,0,0
1938,24,Male,69,2,32.23,2230.04,4,0,0
1939,49,Male,38,1,38.66,1466.4,2,0,0
1940,78,Female,9,0,82.46,742.22,2,0,1
1941,65,Female,39,0,50.06,1951.82,2,0,0
1942,42,Female,43,1,72.11,3104.5,2,1,0
1943,51,Female,1,1,72.0,71.66,2,0,0
1944,62,Female,47,1,35.87,1692.06,0,0,0
1945,63,Male,17,0,46.33,785.58,1,0,0
1946,37,Female,39,0,51.17,1987.99,1,0,0
1947,73,Male,49,2,39.41,1931.37,4,0,0
1948,69,Male,60,0,48.5,2903.75,2,0,0
1949,59,Female,32,0,52.49,1684.56,2,0,0
1950,45,Male,57,2,49.44,2812.71,1,0,0
1951,48,Female,39,1,59.65,2318.95,2,0,0
1952,73,Female,38,0,51.75,1961.28,1,0,0
1953,45,Female,19,1,53.57,1010.66,1,0,0
1954,59,Female,36,0,70.75,2545.48,3,0,0
1955,50,Male,3,1,71.01,209.1,2,0,1
1956,51,Female,24,0,49.51,1186.31,0,0,0
1957,62,Male,28,1,28.04,787.29,0,0,0
1958,49,Male,38,2,72.57,2749.06,3,0,0
1959,25,Male,29,2,68.38,1979.63,2,0,0
1960,38,Female,21,0,88.95,1863.87,0,0,0
1961,45,Female,26,0,78.49,2041.81,3,0,0
1962,55,Female,35,0,70.84,2481.84,2,0,0
1963,57,Female,54,0,57.48,3110.54,1,0,0
1964,30,Male,60,1,25.44,1522.26,0,0,0
1965,32,Male,35,1,78.58,2748.76,1,0,0
1966,60,Male,45,0,86.74,3909.82,1,1,1
1967,68,Male,63,1,72.87,4595.95,4,1,0
1968,22,Female,32,0,57.2,1827.05,0,0,0
1969,32,Male,44,1,91.95,4037.88,0,0,0
1970,20,Male,30,0,39.75,1191.93,1,0,0
1971,47,Female,6,0,71.76,425.92,1,0,1
1972,39,Male,28,0,60.67,1699.42,1,0,0
1973,67,Female,40,2,67.45,2695.14,1,0,0
1974,29,Male,19,0,49.88,945.42,1,0,0
1975,31,Female,65,0,72.6,4723.67,4,0,0
1976,36,Female,71,0,40.14,2860.8,2,0,0
1977,52,Female,51,0,41.07,2092.2,3,0,0
1978,25,Female,25,2,60.37,1505.48,0,0,0
1979,24,Female,13,1,52.55,683.42,2,0,0
1980,69,Male,41,1,60.32,2462.13,0,0,0
1981,63,Male,64,1,28.34,1814.52,1,0,0
1982,53,Male,49,0,55.19,2705.55,1,0,0
1983,50,Male,4,0,91.87,375.66,2,0,1
1984,69,Female,43,1,29.6,1272.5,0,0,0
1985,25,Male,25,1,57.36,1436.81,1,0,0
1986,18,Male,35,1,69.89,2448.86,1,1,0
1987,21,Female,57,1,49.77,2835.59,1,0,0
1988,55,Female,47,0,87.91,4133.32,0,0,0
1989,71,Female,34,1,59.77,2035.43,3,0,0
1990,75,Female,66,0,28.77,1898.34,3,0,0
1991,23,Male,57,0,50.58,2879.39,2,0,0
1992,61,Female,1,0,77.77,81.67,2,0,1
1993,43,Male,38,0,90.73,3443.35,0,0,0
1994,47,Male,11,2,78.88,868.26,3,0,0
1995,58,Female,20,0,39.41,793.75,5,0,1
1996,49,Male,55,0,44.12,2410.65,1,1,0
1997,64,Male,13,0,39.54,505.09,0,0,0
1998,54,Female,15,2,29.65,448.75,2,0,0
1999,57,Female,5,2,41.08,209.74,2,0,0
2000,47,Male,18,2,81.93,1470.73,1,1,0
2001,30,Male,31,0,43.96,1358.1,3,0,0
2002,27,Female,27,0,80.46,2171.73,1,0,1
2003,68,Male,67,0,71.44,4784.56,0,0,0
2004,79,Male,35,1,67.02,2343.31,1,0,0
2005,52,Male,3,2,51.37,155.79,2,0,1
2006,27,Male,24,0,59.55,1435.89,2,0,0
2007,39,Female,71,0,40.93,2905.12,2,0,0
2008,39,Female,52,1,72.66,3780.44,1,0,0
2009,33,Female,43,1,49.83,2139.99,1,1,0
2010,49,Male,8,0,50.92,404.15,2,0,1
2011,52,Female,8,0,71.14,566.6,3,0,1
2012,46,Male,69,1,73.67,5084.09,0,0,0
2013,55,Female,56,0,69.63,3898.05,0,0,0
2014,22,Female,7,2,68.56,478.06,2,0,1
2015,39,Male,40,0,50.3,2013.55,2,0,0
2016,30,Female,6,2,47.59,284.74,0,1,0
2017,18,Female,17,0,70.92,1204.27,2,0,0
2018,64,Female,38,2,31.92,1212.35,1,1,0
2019,64,Female,22,0,59.3,1309.97,0,0,0
2020,70,Female,60,1,40.3,2425.97,1,0,0
2021,57,Male,39,0,90.09,3515.27,0,0,0
2022,57,Male,3,0,73.6,225.8,5,0,1
2023,23,Male,40,2,51.62,2068.61,2,0,0
2024,33,Female,19,2,80.69,1535.47,2,0,0
2025,32,Female,29,1,69.58,2018.6,3,0,0
2026,50,Female,59,2,80.19,4733.99,0,0,0
2027,48,Male,1,0,52.7,58.21,0,0,0
2028,58,Male,36,1,52.04,1874.71,0,0,0
2029,63,Female,67,1,87.14,5836.18,3,0,0
2030,58,Male,37,1,30.36,1127.15,0,0,0
2031,31,Female,19,0,48.16,912.04,2,0,0
2032,31,Female,20,1,89.38,1793.74,2,0,0
2033,78,Male,17,2,50.25,849.52,3,1,0
2034,77,Male,52,0,82.87,4304.56,0,0,0
2035,55,Male,34,1,46.65,1584.7,4,0,0
2036,70,Male,60,0,78.35,4709.14,0,0,0
2037,55,Male,15,0,70.34,1051.93,1,0,1
2038,33,Male,26,0,78.84,2054.53,1,0,0
2039,54,Female,43,0,27.34,1173.59,1,0,0
2040,20,Male,55,1,48.83,2686.91,3,0,0
2041,21,Female,49,2,29.97,1469.36,0,0,0
2042,52,Female,61,0,91.39,5580.69,2,0,0
2043,48,Female,38,1,76.77,2924.51,3,0,0
2044,30,Male,66,2,58.15,3842.36,1,1,0
2045,75,Female,43,1,72.03,3101.27,4,0,0
2046,20,Female,58,2,45.45,2635.95,2,0,0
2047,68,Male,22,0,58.11,1279.63,2,0,0
2048,75,Male,64,0,51.69,3303.41,2,0,0
2049,42,Female,64,1,78.2,5012.67,3,1,0
2050,72,Female,34,0,89.84,3055.92,0,0,0
2051,27,Female,68,0,52.86,3598.03,3,0,0
2052,48,Female,56,0,31.78,1786.42,1,0,0
2053,63,Female,63,1,71.4,4504.6,2,0,0
2054,73,Female,14,2,79.55,1116.27,0,0,0
2055,37,Male,11,0,50.02,548.12,1,1,1
2056,72,Male,10,0,28.42,279.24,3,0,1
2057,36,Male,25,0,89.15,2237.93,2,0,0
2058,53,Female,65,0,88.02,5721.77,2,0,0
2059,66,Male,24,0,50.69,1222.47,2,0,0
2060,34,Male,22,1,27.52,613.01,0,0,0
2061,24,Male,37,0,30.87,1142.84,3,0,0
2062,59,Female,66,2,60.5,3991.16,1,0,0
2063,73,Female,22,1,29.47,649.15,2,0,0
2064,75,Male,6,1,41.26,245.88,1,0,0
2065,71,Male,26,1,88.42,2304.88,2,0,1
2066,63,Female,15,0,49.92,757.41,1,0,0
2067,23,Male,39,0,39.13,1520.28,1,0,0
2068,47,Female,38,0,68.88,2616.63,0,0,0
2069,25,Female,60,0,39.99,2395.38,2,0,0
2070,68,Male,51,1,38.86,1982.25,1,0,0
2071,59,Male,26,0,71.21,1848.74,4,0,1
2072,63,Male,55,0,52.21,2874.99,6,0,1
2073,45,Female,3,0,89.13,261.79,0,0,0
2074,51,Male,31,0,81.39,2520.36,4,1,1
2075,41,Female,52,0,39.07,2036.52,2,0,0
2076,18,Male,29,1,91.17,2637.31,2,0,0
2077,55,Female,28,0,41.98,1170.12,0,0,0
2078,76,Female,16,1,57.93,921.18,4,0,1
2079,78,Female,23,0,92.02,2111.26,4,0,1
2080,33,Female,1,0,58.1,49.56,2,1,1
2081,59,Female,63,0,38.73,2438.57,4,0,0
2082,79,Male,12,1,75.83,916.36,0,0,0
2083,56,Female,57,2,41.2,2350.55,0,0,0
2084,47,Female,70,0,40.09,2807.0,3,0,0
2085,25,Male,30,1,76.48,2293.84,3,1,0
2086,59,Male,64,2,91.26,5845.03,0,0,0
2087,24,Male,56,1,65.4,3660.8,1,0,0
2088,73,Female,18,2,33.25,603.98,1,0,0
2089,69,Female,9,1,69.82,627.26,2,0,0
2090,58,Male,44,1,87.74,3866.55,3,0,0
2091,21,Female,66,0,51.93,3429.66,1,0,0
2092,25,Male,39,0,59.71,2329.95,1,0,0
2093,20,Male,45,0,48.75,2189.84,1,0,0
2094,55,Female,4,1,49.66,202.85,1,0,0
2095,48,Male,58,1,50.53,2924.8,2,0,0
2096,47,Male,40,1,27.88,1122.46,2,0,0
2097,69,Female,6,2,51.98,309.02,4,0,0
2098,64,Female,27,0,46.36,1255.07,1,0,0
2099,43,Male,50,2,49.39,2466.32,0,0,0
2100,22,Female,66,1,44.69,2952.41,2,0,0
2101,46,Male,4,1,53.91,209.74,3,0,0
2102,69,Male,40,2,51.2,2051.95,1,0,0
2103,39,Female,4,0,31.89,120.95,1,1,1
2104,30,Male,66,1,89.17,5884.04,2,0,0
2105,45,Female,58,2,29.75,1727.59,0,0,0
2106,53,Male,27,0,77.52,2091.46,3,0,0
2107,47,Female,31,0,79.57,2461.15,2,1,1
2108,33,Female,49,2,71.1,3480.78,2,0,0
2109,43,Female,5,0,44.63,223.26,1,0,0
2110,60,Female,50,1,71.76,3587.92,2,0,0
2111,65,Male,7,0,60.58,422.93,2,1,1
2112,71,Male,57,1,79.4,4532.11,3,0,0
2113,71,Male,6,1,79.68,472.63,1,0,1
2114,32,Male,5,0,29.3,146.83,0,0,0
2115,62,Female,30,0,59.43,1784.27,2,1,1
2116,43,Female,12,1,51.9,620.64,1,0,0
2117,47,Female,14,2,69.83,975.02,0,1,0
2118,71,Female,54,0,49.48,2665.01,2,1,0
2119,45,Male,19,2,67.98,1293.44,1,0,0
2120,52,Female,5,0,30.19,150.25,2,0,0
2121,62,Male,43,0,71.02,3058.9,2,0,0
2122,79,Male,43,1,89.6,3853.74,1,0,0
2123,61,Female,23,0,89.52,2059.56,2,0,1
2124,40,Male,63,1,87.51,5512.41,4,0,0
2125,78,Male,11,0,86.67,951.86,2,1,1
2126,71,Female,55,0,68.5,3767.08,3,0,0
2127,50,Male,57,1,83.47,4760.88,2,0,0
2128,28,Female,61,0,62.83,3831.09,4,0,0
2129,18,Female,10,1,70.41,700.5,1,0,0
2130,27,Female,16,1,70.17,1125.9,0,0,0
2131,36,Male,55,0,87.49,4815.57,2,0,0
2132,73,Male,5,0,36.51,184.85,2,0,0
2133,46,Male,12,0,52.17,618.58,1,1,1
2134,72,Female,68,0,90.04,6124.3,2,1,1
2135,35,Male,69,1,50.47,3484.36,1,0,0
2136,32,Male,51,0,29.71,1517.51,0,0,0
2137,58,Female,66,0,61.15,4042.0,1,0,0
2138,64,Female,67,2,90.35,6041.15,2,1,0
2139,55,Female,37,0,31.54,1170.94,1,0,0
2140,66,Female,53,1,39.39,2095.38,2,0,0
2141,43,Female,46,0,58.16,2679.83,0,0,0
2142,27,Female,43,1,69.96,3004.96,0,0,0
2143,47,Male,1,1,70.99,71.5,1,0,0
2144,76,Male,63,0,57.83,3643.32,3,0,0
2145,55,Male,40,1,40.25,1607.36,4,0,0
2146,45,Female,68,2,71.66,4864.8,2,1,0
2147,47,Female,69,0,39.07,2701.34,3,1,0
2148,24,Female,5,2,52.31,263.65,1,0,0
2149,35,Male,57,0,81.19,4628.31,1,0,0
2150,44,Male,55,1,53.59,2947.49,3,0,0
2151,25,Male,71,0,52.29,3707.82,1,0,0
2152,56,Male,45,0,54.32,2441.37,0,0,0
2153,74,Female,66,1,31.41,2066.25,2,0,0
2154,73,Male,46,0,88.56,4072.49,3,0,0
2155,58,Male,65,0,90.35,5870.79,1,0,0
2156,42,Female,50,0,28.89,1442.64,2,0,0
2157,68,Female,14,0,58.56,814.78,2,0,1
2158,65,Female,46,0,72.07,3307.49,0,0,0
2159,48,Female,29,2,37.97,1098.89,3,0,0
2160,71,Female,4,2,86.67,338.72,1,0,0
2161,24,Female,65,0,82.87,5392.68,1,1,0
2162,30,Female,70,1,60.75,4256.1,2,0,0
2163,60,Female,68,0,49.59,3371.2,3,0,0
2164,73,Male,38,0,50.73,1926.5,2,0,0
2165,77,Female,7,0,67.35,460.61,2,0,1
2166,25,Female,67,0,30.73,2059.25,2,0,0
2167,31,Female,39,1,47.55,1850.89,1,0,0
2168,19,Female,1,0,29.5,24.01,1,1,1
2169,70,Female,19,1,31.37,604.87,2,0,0
2170,30,Female,55,0,60.75,3346.95,2,0,0
2171,35,Male,70,2,48.93,3431.73,0,0,0
2172,25,Male,34,0,38.5,1297.46,1,0,0
2173,70,Female,41,0,92.41,3792.17,1,0,0
2174,69,Male,21,1,72.58,1520.11,0,0,0
2175,78,Female,15,2,91.57,1374.7,2,0,0
2176,59,Male,22,1,60.54,1330.78,1,0,0
2177,42,Male,68,0,81.72,5558.88,2,0,0
2178,32,Male,43,2,58.91,2529.26,0,0,0
2179,24,Female,5,0,49.78,256.72,1,0,1
2180,27,Male,46,0,73.68,3396.28,1,1,0
2181,42,Female,15,0,90.33,1357.62,1,0,1
2182,34,Male,66,2,79.0,5214.41,0,0,0
2183,26,Male,45,2,41.91,1889.58,3,0,0
2184,69,Female,63,0,70.73,4463.16,1,0,0
2185,65,Female,45,0,78.89,3552.74,0,0,0
2186,62,Female,66,0,30.85,2038.8,3,1,0
2187,69,Male,18,0,51.4,928.21,3,0,0
2188,59,Female,37,2,46.91,1731.98,0,0,0
2189,20,Male,22,1,70.1,1541.52,0,0,0
2190,35,Female,44,0,41.22,1813.71,1,0,0
2191,21,Female,4,0,49.34,194.49,5,0,1
2192,29,Female,5,1,78.65,396.39,1,1,1
2193,49,Male,5,2,49.42,249.51,3,0,0
2194,43,Male,38,0,83.56,3170.59,0,0,0
2195,45,Male,2,1,67.64,128.66,0,1,1
2196,48,Female,13,0,30.76,403.73,1,0,0
2197,22,Female,58,2,90.09,5222.87,2,0,0
2198,28,Male,40,0,56.49,2257.27,1,0,0
2199,48,Female,38,1,39.94,1511.2,0,0,0
2200,18,Male,70,1,58.44,4091.52,0,0,0
2201,28,Male,51,0,59.13,3012.87,1,0,0
2202,57,Male,52,0,92.12,4798.62,0,0,0
2203,25,Male,16,1,70.39,1128.15,2,0,0
2204,74,Male,53,1,28.15,1494.92,1,0,0
2205,54,Male,61,1,73.23,4467.51,0,0,0
2206,77,Female,36,1,82.08,2957.28,2,0,0
2207,24,Male,43,1,51.28,2205.78,2,0,0
2208,47,Female,70,0,59.38,4154.63,1,0,0
2209,58,Female,8,2,76.28,604.7,0,0,0
2210,60,Female,19,1,69.11,1311.84,3,1,1
2211,39,Female,42,2,71.35,3001.5,2,0,0
2212,20,Male,63,1,88.57,5586.91,0,0,0
2213,66,Female,28,2,48.0,1351.83,1,0,0
2214,50,Female,19,0,51.94,988.8,0,0,0
2215,76,Male,64,1,93.32,5974.36,1,0,0
2216,29,Female,22,1,51.39,1124.95,1,1,0
2217,45,Male,30,1,70.4,2116.81,1,0,0
2218,33,Male,40,0,90.97,3633.95,0,0,0
2219,77,Male,62,1,91.22,5653.34,1,0,0
2220,36,Female,50,0,80.28,4003.31,6,0,0
2221,53,Male,6,0,88.96,531.11,0,1,1
2222,69,Male,32,2,69.09,2210.68,1,0,0
2223,70,Male,12,0,60.79,727.06,0,1,1
2224,50,Male,6,2,77.18,464.5,1,0,0
2225,38,Male,63,1,47.58,2993.65,1,1,0
2226,18,Female,35,0,84.83,2972.11,0,0,0
2227,45,Male,38,0,52.66,2006.37,1,0,0
2228,26,Female,35,1,50.18,1759.15,2,0,0
2229,55,Male,42,0,59.12,2477.85,4,0,0
2230,49,Male,66,1,51.06,3376.38,3,0,0
2231,58,Female,36,1,70.26,2519.93,1,0,0
2232,71,Female,65,0,40.45,2622.88,4,0,0
2233,79,Male,55,2,48.65,2675.65,3,0,0
2234,79,Female,59,0,94.59,5582.99,0,1,0
2235,36,Male,6,2,39.75,235.92,2,0,0
2236,76,Female,22,1,32.42,710.83,1,0,0
2237,52,Male,17,2,50.25,855.58,1,0,0
2238,22,Female,23,1,78.64,1807.49,1,0,0
2239,73,Male,12,2,70.35,842.98,3,0,0
2240,72,Male,47,0,66.81,3143.0,2,0,0
2241,28,Male,18,0,82.2,1479.85,2,0,1
2242,20,Male,12,0,40.02,482.01,3,0,1
2243,62,Female,29,2,60.74,1763.9,2,0,0
2244,27,Male,7,2,51.72,370.21,1,0,0
2245,72,Male,64,0,51.65,3317.47,2,0,0
2246,75,Male,62,0,39.78,2473.12,1,1,0
2247,69,Male,24,0,51.12,1215.67,1,0,0
2248,74,Female,27,2,47.12,1277.87,3,0,0
2249,48,Female,41,0,46.65,1904.01,0,0,0
2250,52,Male,58,0,37.9,2197.08,3,1,1
2251,65,Male,52,0,91.29,4755.43,0,0,0
2252,30,Male,18,1,83.28,1494.29,1,0,0
2253,66,Male,14,2,77.42,1079.81,2,1,1
2254,72,Male,61,0,30.47,1853.23,0,0,0
2255,32,Female,35,0,66.05,2306.24,6,0,1
2256,54,Male,23,0,75.67,1734.71,2,0,0
2257,18,Male,27,2,40.86,1106.53,0,0,0
2258,39,Male,20,1,61.34,1229.35,1,1,1
2259,44,Female,66,0,60.04,3953.23,1,0,0
2260,21,Female,40,0,68.73,2749.83,2,0,0
2261,61,Male,59,1,68.02,4004.08,3,0,0
2262,46,Male,44,0,51.97,2289.79,1,0,0
2263,38,Male,7,2,29.49,195.93,1,0,0
2264,36,Male,5,2,35.65,171.04,1,0,0
2265,73,Male,8,0,89.9,711.15,0,1,1
2266,78,Male,33,0,78.8,2602.7,1,0,0
2267,47,Male,29,1,73.27,2123.83,3,0,0
2268,74,Male,22,0,51.58,1139.71,1,0,1
2269,57,Female,1,2,42.53,47.37,1,0,0
2270,63,Male,71,1,57.83,4108.87,1,0,0
2271,37,Female,50,2,41.75,2079.93,1,0,0
2272,55,Male,17,0,90.71,1537.75,2,0,1
2273,61,Female,41,2,30.13,1234.97,3,0,0
2274,32,Male,16,0,92.36,1476.54,1,0,1
2275,53,Female,13,0,79.91,1034.75,3,0,0
2276,55,Male,13,1,59.98,780.27,0,0,0
2277,71,Male,45,0,49.88,2246.75,4,1,1
2278,44,Male,21,0,48.6,1016.6,0,0,0
2279,28,Male,47,0,49.01,2311.06,2,0,0
2280,58,Female,1,0,40.82,37.73,0,1,1
2281,60,Male,65,0,70.4,4569.65,1,0,0
2282,32,Male,3,2,52.14,150.63,3,0,0
2283,78,Male,27,2,37.41,1010.22,2,0,0
2284,29,Male,63,0,85.9,5408.55,3,0,0
2285,31,Female,13,0,31.11,403.21,0,1,1
2286,29,Female,6,0,70.5,420.55,2,0,1
2287,77,Female,1,2,30.75,30.7,1,0,0
2288,33,Male,12,0,49.97,589.5,3,0,1
2289,26,Female,3,1,69.1,200.65,2,0,0
2290,49,Female,59,2,40.0,2350.58,2,0,0
2291,41,Female,7,2,52.13,362.61,3,0,0
2292,23,Female,43,1,40.12,1725.46,0,1,0
2293,76,Male,29,0,70.91,2062.65,2,0,0
2294,18,Male,58,2,52.67,3055.13,1,0,0
2295,35,Male,35,1,52.32,1829.14,4,0,0
2296,49,Female,24,0,56.02,1347.71,3,0,0
2297,65,Female,44,2,70.29,3095.26,2,0,0
2298,74,Male,8,0,30.66,247.58,2,0,1
2299,77,Female,4,1,32.08,127.12,2,0,0
2300,27,Female,17,1,58.84,994.95,3,1,1
2301,22,Male,20,1,52.12,1034.24,3,1,1
2302,64,Male,5,1,70.71,359.12,3,0,1
2303,25,Male,61,0,49.39,3017.0,4,0,0
2304,73,Male,54,2,69.8,3770.76,0,0,0
2305,50,Male,68,1,50.31,3425.46,1,0,0
2306,45,Female,45,0,46.02,2064.77,0,0,0
2307,29,Female,18,1,51.55,928.87,1,0,0
2308,28,Female,65,2,61.01,3962.46,2,0,0
2309,69,Male,50,2,32.08,1609.34,2,0,0
2310,67,Male,21,0,47.81,1011.32,4,0,1
2311,65,Male,54,2,80.1,4326.8,2,0,0
2312,48,Female,17,0,48.03,815.17,2,0,0
2313,58,Male,35,0,42.75,1496.99,1,0,0
2314,41,Female,62,2,81.6,5060.23,0,0,0
2315,62,Male,26,0,76.72,1999.46,1,0,0
2316,70,Female,55,0,60.63,3334.49,1,0,0
2317,49,Male,51,0,80.95,4120.34,1,0,0
2318,76,Male,34,0,49.78,1689.45,4,0,0
2319,48,Female,46,2,51.64,2375.71,1,0,0
2320,56,Female,63,2,39.43,2478.33,1,0,0
2321,61,Male,65,0,51.5,3352.61,0,0,0
2322,45,Male,48,2,49.47,2378.32,0,0,0
2323,42,Male,24,0,78.87,1888.3,2,1,1
2324,65,Male,41,0,58.16,2385.56,2,0,0
2325,43,Male,15,0,41.13,620.75,2,1,1
2326,29,Male,69,0,62.32,4301.51,1,0,0
2327,65,Male,28,0,51.24,1437.51,2,0,1
2328,71,Female,22,2,46.24,1015.28,2,0,0
2329,72,Female,64,1,30.51,1946.1,2,0,0
2330,41,Female,25,0,39.9,990.6,2,0,0
2331,26,Female,1,0,70.1,75.55,2,0,0
2332,58,Male,8,0,69.98,559.97,1,0,1
2333,45,Male,52,0,60.65,3156.94,2,1,0
2334,63,Female,44,2,72.33,3177.08,2,1,0
2335,41,Male,54,1,66.67,3611.81,0,0,0
2336,42,Female,14,0,49.07,681.13,1,0,1
2337,32,Male,1,0,47.89,44.18,0,0,1
2338,62,Female,5,0,25.25,125.88,1,0,0
2339,31,Male,57,1,45.15,2574.05,2,0,0
2340,73,Female,68,1,70.71,4817.48,2,0,0
2341,25,Female,62,0,71.57,4440.04,0,1,0
2342,39,Female,46,1,48.88,2240.52,0,0,0
2343,41,Female,24,1,49.68,1189.93,0,0,0
2344,42,Male,63,0,51.98,3275.75,1,0,0
2345,46,Female,13,2,40.05,527.3,3,0,0
2346,32,Male,42,0,70.36,2957.42,1,1,0
2347,43,Female,65,1,92.15,5991.91,1,0,0
2348,72,Male,26,1,84.58,2204.97,0,0,0
2349,78,Female,48,0,89.23,4278.63,0,0,0
2350,56,Female,70,0,47.32,3305.43,1,1,0
2351,41,Female,18,0,40.83,735.76,1,0,0
2352,29,Male,1,0,50.31,57.52,2,0,1
2353,41,Male,58,0,50.99,2962.14,0,0,0
2354,59,Male,68,1,68.74,4675.45,0,0,0
2355,69,Male,25,1,78.62,1971.91,1,0,0
2356,22,Male,20,1,57.37,1143.32,2,0,0
2357,30,Female,13,0,61.84,804.27,1,0,0
2358,47,Male,39,2,70.94,2764.07,1,0,0
2359,74,Male,50,1,75.13,3751.94,3,0,0
2360,47,Female,21,1,65.8,1378.14,1,0,0
2361,46,Male,46,2,46.63,2137.25,2,0,0
2362,35,Female,39,0,40.71,1580.5,0,0,0
2363,33,Male,17,1,71.48,1212.12,3,0,1
2364,60,Female,12,1,89.99,1075.7,3,1,1
2365,52,Male,16,2,51.66,831.45,3,1,1
2366,41,Male,15,0,90.95,1360.14,1,0,1
2367,70,Female,14,0,81.25,1139.87,4,0,1
2368,68,Male,18,1,50.44,909.92,0,0,0
2369,69,Female,40,0,70.71,2827.79,2,0,0
2370,56,Female,69,2,50.09,3457.93,1,1,0
2371,53,Female,12,0,60.41,718.33,2,0,1
2372,29,Male,19,0,69.17,1313.11,1,0,0
2373,79,Female,39,0,67.55,2634.18,1,0,0
2374,44,Female,4,2,31.25,127.11,1,1,0
2375,74,Female,33,0,78.06,2567.85,1,0,0
2376,76,Female,34,1,28.26,954.3,0,0,0
2377,26,Female,49,0,71.04,3477.93,3,0,0
2378,72,Female,38,2,43.74,1660.14,1,0,0
2379,77,Male,65,2,76.98,5011.13,1,0,0
2380,55,Female,69,1,48.58,3358.67,1,0,0
2381,78,Male,57,1,71.32,4066.22,1,0,0
2382,38,Female,53,1,52.59,2782.62,0,0,0
2383,50,Female,6,0,31.64,188.14,2,1,1
2384,23,Female,47,0,86.97,4092.32,0,1,0
2385,66,Female,59,1,78.37,4623.66,0,0,0
2386,48,Female,56,2,30.63,1715.63,1,0,0
2387,47,Male,60,0,45.48,2736.81,4,0,0
2388,46,Male,71,1,58.29,4139.66,0,0,0
2389,41,Female,43,2,72.01,3088.05,0,0,0
2390,56,Female,49,0,31.56,1541.66,0,0,0
2391,22,Female,20,0,61.7,1239.66,2,0,0
2392,79,Male,1,2,52.89,55.7,1,0,0
2393,22,Female,27,0,49.9,1342.07,0,0,0
2394,45,Male,43,0,49.27,2122.05,1,0,0
2395,34,Female,67,0,40.83,2733.62,0,1,0
2396,69,Male,9,0,72.33,650.59,0,0,0
2397,21,Female,13,0,32.05,410.49,1,0,0
2398,53,Female,63,0,69.07,4356.58,0,0,0
2399,42,Female,61,0,51.13,3123.51,0,0,0
2400,68,Male,22,0,32.04,687.34,0,0,0
2401,75,Male,44,1,88.83,3913.03,1,0,0
2402,31,Female,51,0,67.66,3441.94,3,1,0
2403,29,Female,44,2,29.26,1286.77,3,0,0
2404,61,Female,11,2,70.91,783.95,1,0,0
2405,64,Female,71,1,70.84,5024.46,2,1,0
2406,36,Female,52,0,60.05,3135.6,0,0,0
2407,24,Male,64,1,79.76,5109.91,1,0,0
2408,66,Male,39,0,59.03,2299.83,0,0,0
2409,28,Male,60,0,84.47,5062.41,1,0,0
2410,66,Female,34,1,64.0,2171.51,2,1,0
2411,23,Male,65,1,70.19,4561.14,1,0,0
2412,45,Male,61,0,73.98,4515.8,0,0,0
2413,51,Male,47,1,52.08,2447.62,1,0,0
2414,50,Male,4,0,29.05,114.46,1,1,1
2415,31,Male,38,0,58.38,2228.25,3,0,0
2416,37,Male,25,0,58.14,1458.19,6,0,1
2417,56,Female,18,0,40.59,732.33,1,1,1
2418,34,Male,21,0,72.5,1517.99,3,0,1
2419,23,Female,49,1,47.36,2319.5,3,1,0
2420,53,Male,44,0,50.3,2213.43,1,0,0
2421,67,Female,50,0,68.51,3422.43,0,1,0
2422,41,Female,32,1,62.54,1996.73,2,0,0
2423,28,Male,48,0,68.9,3297.36,0,0,0
2424,50,Male,53,1,63.92,3394.3,1,0,0
2425,69,Male,8,0,81.5,653.88,3,0,1
2426,53,Female,11,0,79.69,874.75,2,0,1
2427,54,Male,39,0,92.83,3616.84,1,0,0
2428,23,Male,47,1,59.29,2780.33,2,1,0
2429,23,Male,30,1,72.52,2173.68,1,0,0
2430,45,Male,14,0,46.6,645.34,1,0,0
2431,41,Female,38,0,91.48,3476.97,3,1,1
2432,67,Male,67,1,30.29,2035.94,1,0,0
2433,53,Male,23,1,75.41,1731.81,1,0,0
2434,46,Female,37,0,91.24,3374.9,2,0,0
2435,55,Male,33,2,68.91,2275.22,3,0,0
2436,79,Female,68,0,28.36,1925.11,1,0,0
2437,64,Male,56,1,68.8,3852.41,0,0,0
2438,53,Female,42,2,30.92,1298.95,1,0,0
2439,24,Male,63,0,50.1,3154.0,0,0,0
2440,51,Male,53,1,49.71,2629.95,3,1,0
2441,22,Female,64,0,69.55,4452.53,2,0,0
2442,36,Male,6,1,49.23,294.11,1,0,0
2443,61,Female,12,2,70.57,844.4,1,0,0
2444,52,Male,9,1,89.55,801.1,2,0,0
2445,35,Female,35,1,73.53,2574.09,1,0,0
2446,23,Male,66,1,91.23,6028.94,3,0,0
2447,25,Male,7,1,68.19,475.13,4,0,1
2448,33,Male,43,1,50.02,2152.6,2,0,0
2449,42,Male,60,0,80.42,4824.48,2,0,0
2450,47,Male,19,1,52.72,999.13,2,0,0
2451,67,Female,11,1,28.67,315.38,1,0,0
2452,52,Male,23,0,79.12,1826.39,0,0,0
2453,54,Female,28,1,78.94,2211.79,4,0,0
2454,41,Male,56,1,89.47,5010.7,1,0,0
2455,46,Female,17,2,66.66,1136.22,3,0,0
2456,35,Male,63,2,88.86,5597.65,0,0,0
2457,56,Female,7,0,37.7,265.89,5,0,1
2458,51,Female,38,0,69.68,2643.38,1,0,0
2459,46,Female,45,0,68.02,3061.3,0,1,0
2460,30,Male,41,1,73.38,3005.4,1,0,0
2461,73,Male,14,1,42.2,592.29,1,0,0
2462,43,Female,52,1,61.23,3184.88,1,0,0
2463,28,Male,50,2,78.46,3924.14,1,0,0
2464,34,Male,54,0,88.96,4802.86,4,0,1
2465,51,Male,55,1,70.86,3902.35,4,0,0
2466,35,Male,34,0,40.92,1391.76,2,0,0
2467,42,Male,2,2,43.19,78.05,2,0,0
2468,69,Female,70,0,80.4,5627.86,1,0,0
2469,18,Female,31,0,77.79,2408.0,0,1,0
2470,46,Male,8,0,68.57,542.64,1,0,0
2471,31,Female,56,2,85.22,4778.7,2,0,0
2472,27,Female,30,0,43.5,1295.2,1,0,0
2473,44,Female,31,0,72.86,2254.43,0,0,0
2474,71,Female,31,1,42.71,1322.22,3,0,0
2475,65,Female,27,1,60.79,1640.71,1,0,0
2476,29,Female,1,1,32.29,32.72,0,0,0
2477,40,Male,29,2,43.66,1261.75,2,0,0
2478,31,Male,19,0,59.46,1126.47,1,0,0
2479,73,Male,42,0,58.63,2466.52,0,0,0
2480,51,Male,71,1,49.67,3522.09,2,0,0
2481,23,Male,53,0,78.73,4176.54,0,0,0
2482,63,Female,37,1,78.3,2895.77,0,0,0
2483,49,Female,34,1,40.48,1379.68,1,0,0
2484,64,Male,40,0,50.12,2006.99,0,0,0
2485,69,Male,6,1,69.6,425.68,1,0,0
2486,26,Female,5,1,49.67,256.44,1,0,0
2487,18,Female,54,1,46.61,2529.35,1,0,0
2488,45,Male,15,0,54.31,815.12,0,0,0
2489,26,Female,59,1,51.14,3003.07,2,0,0
2490,21,Male,19,0,48.51,912.27,1,1,1
2491,48,Male,7,1,74.99,532.43,0,0,0
2492,56,Female,15,2,69.16,1041.73,1,0,0
2493,60,Female,18,0,71.17,1280.08,3,0,1
2494,41,Female,67,0,59.18,3967.35,2,1,0
2495,19,Male,1,1,81.96,89.03,0,0,0
2496,66,Male,65,2,60.35,3915.67,2,0,0
2497,28,Female,47,0,67.29,3162.28,0,0,0
2498,76,Male,29,0,39.77,1153.05,2,1,0
2499,34,Male,9,1,80.39,730.01,2,1,1
2500,57,Male,23,0,29.7,686.13,3,0,0
2501,40,Male,40,1,38.0,1514.24,1,0,0
2502,48,Female,19,1,31.1,587.6,3,0,0
2503,56,Male,68,0,49.88,3394.67,2,1,0
2504,24,Female,57,0,34.74,1984.76,0,0,0
2505,37,Female,46,2,59.3,2727.74,4,0,0
2506,21,Male,71,0,48.03,3404.54,1,0,0
2507,42,Male,25,0,92.12,2304.09,1,0,0
2508,66,Female,36,2,49.97,1805.45,1,0,0
2509,66,Male,26,1,51.08,1327.22,2,1,0
2510,61,Female,13,0,79.52,1027.43,1,0,1
2511,18,Female,53,1,87.52,4638.74,1,0,0
2512,49,Female,10,2,83.44,845.63,1,1,0
2513,65,Female,15,0,45.97,688.0,1,0,1
2514,79,Male,30,1,78.19,2345.1,1,0,0
2515,79,Female,5,0,88.77,444.59,1,0,0
2516,49,Male,20,2,56.93,1131.63,2,0,0
2517,68,Female,54,2,69.85,3763.88,2,0,0
2518,47,Female,2,0,91.39,183.6,4,0,1
2519,62,Female,22,2,72.2,1598.88,3,0,0
2520,20,Male,68,0,84.13,5717.97,4,1,1
2521,69,Female,13,2,48.73,631.14,2,0,0
2522,69,Male,28,0,42.5,1194.01,2,0,0
2523,54,Female,57,1,32.09,1839.42,1,0,0
2524,40,Female,40,0,88.51,3531.95,1,0,0
2525,79,Female,60,0,49.89,2991.76,1,0,0
2526,61,Male,48,1,78.04,3739.2,1,0,0
2527,27,Male,2,2,58.9,119.06,0,0,0
2528,38,Male,9,0,63.7,577.63,2,0,0
2529,68,Male,27,0,78.75,2125.6,1,0,1
2530,60,Male,27,0,62.6,1687.02,2,0,0
2531,73,Female,35,1,50.62,1772.98,2,1,0
2532,62,Male,70,2,69.45,4855.97,3,0,0
2533,67,Male,4,1,72.89,288.26,2,0,0
2534,56,Male,29,0,48.23,1400.5,1,0,0
2535,48,Female,3,0,52.1,158.04,2,0,0
2536,74,Female,44,0,79.32,3492.7,2,0,0
2537,40,Female,3,1,89.16,269.96,1,0,0
2538,78,Male,26,0,80.37,2090.78,3,0,0
2539,38,Female,5,0,59.55,292.61,1,1,1
2540,31,Male,65,0,70.8,4601.6,1,1,0
2541,55,Female,30,0,89.06,2671.11,0,0,0
2542,65,Male,28,0,81.46,2284.53,2,0,0
2543,62,Male,10,0,58.96,583.42,0,0,0
2544,51,Male,45,0,49.01,2206.3,2,0,0
2545,60,Female,55,0,82.04,4507.74,0,0,0
2546,52,Female,14,2,72.52,1009.56,0,0,0
2547,25,Male,59,1,71.35,4205.82,1,1,0
2548,39,Female,4,2,81.72,324.12,3,0,0
2549,41,Male,36,0,59.73,2143.56,3,0,0
2550,63,Male,70,0,81.77,5724.08,0,0,0
2551,74,Female,64,2,59.45,3808.42,3,0,0
2552,78,Female,14,0,39.24,546.06,5,0,1
2553,49,Male,53,0,32.29,1707.88,3,0,0
2554,38,Male,26,2,55.8,1454.8,0,0,0
2555,35,Male,66,2,83.32,5501.2,1,0,0
2556,74,Female,7,2,51.16,358.95,1,0,0
2557,55,Female,10,1,38.69,383.98,1,1,0
2558,23,Female,60,0,81.85,4913.89,0,0,0
2559,67,Female,61,0,70.35,4301.59,0,0,0
2560,45,Female,33,1,32.68,1081.23,1,1,0
2561,22,Female,58,2,29.66,1725.31,3,0,0
2562,67,Male,55,0,57.52,3163.67,2,0,0
2563,74,Female,38,0,41.81,1599.32,1,0,0
2564,31,Male,39,0,88.89,3465.5,2,0,1
2565,38,Female,43,1,70.8,3052.27,1,0,0
2566,68,Male,39,0,30.93,1207.13,2,0,0
2567,43,Female,64,0,69.8,4468.99,2,0,0
2568,59,Female,8,0,30.45,241.81,4,0,1
2569,55,Male,59,0,83.69,4948.08,0,0,0
2570,66,Male,39,2,72.44,2829.58,0,0,0
2571,33,Female,12,0,71.83,862.69,1,0,0
2572,40,Female,60,0,52.99,3186.35,0,1,0
2573,22,Female,65,1,49.88,3242.36,2,0,0
2574,51,Female,45,0,60.71,2727.67,2,0,0
2575,39,Male,46,1,46.97,2164.44,1,0,0
2576,37,Female,37,0,40.7,1508.9,1,0,0
2577,20,Male,28,0,61.71,1741.44,0,0,0
2578,63,Female,18,0,76.38,1375.0,0,0,0
2579,45,Male,6,0,85.44,507.75,0,0,0
2580,43,Female,36,2,48.94,1761.16,1,1,0
2581,24,Female,11,0,70.99,774.81,1,0,1
2582,75,Female,8,0,70.0,558.28,1,0,0
2583,36,Male,41,0,51.04,2096.73,2,0,0
2584,38,Male,45,0,73.33,3300.67,0,0,0
2585,25,Male,9,2,49.38,442.18,2,0,0
2586,33,Male,41,2,81.59,3338.36,1,0,0
2587,37,Male,4,0,88.81,359.69,0,0,1
2588,62,Male,60,1,39.75,2386.62,1,0,0
2589,46,Female,38,0,41.8,1596.93,4,0,0
2590,68,Female,2,1,26.65,52.86,0,0,0
2591,71,Male,56,1,28.38,1590.82,2,0,0
2592,67,Female,67,0,40.92,2739.05,4,0,0
2593,25,Male,15,1,50.29,763.61,2,0,0
2594,76,Male,37,1,28.71,1063.09,1,0,0
2595,41,Male,25,1,92.08,2311.31,1,0,0
2596,73,Male,60,1,33.42,2009.85,2,0,0
2597,63,Male,17,1,58.05,980.51,3,0,1
2598,31,Female,45,0,30.34,1367.23,1,0,0
2599,57,Male,7,1,60.04,428.68,1,0,0
2600,67,Male,19,0,75.93,1440.03,3,0,1
2601,63,Male,19,0,70.37,1333.55,5,0,1
2602,57,Male,71,1,31.43,2225.35,3,0,0
2603,58,Female,8,2,64.17,516.83,2,0,0
2604,18,Male,22,1,72.28,1591.42,2,0,0
2605,41,Female,1,0,31.91,33.44,1,0,0
2606,77,Female,6,2,58.01,344.34,2,0,0
2607,73,Female,65,2,40.08,2604.9,0,0,0
2608,19,Male,44,0,42.08,1845.79,2,1,0
2609,34,Female,49,0,75.29,3687.65,1,0,0
2610,78,Male,62,0,50.72,3146.31,1,0,0
2611,27,Male,69,2,52.57,3625.35,2,0,0
2612,44,Male,45,0,50.58,2279.63,1,0,0
2613,35,Male,2,1,91.75,180.08,3,0,1
2614,49,Female,35,0,71.72,2512.99,1,0,0
2615,46,Female,52,1,39.45,2047.33,5,1,0
2616,28,Male,26,2,89.58,2329.99,2,0,0
2617,43,Male,51,0,52.22,2661.03,2,0,0
2618,56,Female,64,0,87.6,5600.84,0,0,0
2619,56,Female,47,2,79.6,3743.29,4,0,0
2620,53,Male,18,0,77.39,1391.77,1,1,1
2621,68,Male,27,2,91.48,2462.87,2,0,0
2622,29,Female,70,2,50.33,3520.86,2,0,0
2623,60,Male,32,0,73.43,2339.7,3,0,0
2624,53,Female,39,1,87.55,3412.91,1,0,0
2625,33,Male,64,0,38.64,2470.85,1,0,0
2626,75,Female,43,2,66.65,2862.55,2,0,0
2627,20,Male,11,1,81.93,898.1,1,0,0
2628,72,Female,49,1,89.93,4407.86,3,0,0
2629,27,Female,32,0,46.98,1498.82,1,0,0
2630,73,Female,11,1,81.91,899.93,0,0,0
2631,66,Female,44,1,50.62,2228.97,3,0,0
2632,29,Female,42,0,70.26,2953.78,0,0,0
2633,41,Female,31,1,70.6,2186.89,1,0,0
2634,48,Male,35,1,30.13,1062.32,1,0,0
2635,55,Female,21,0,90.71,1905.04,4,0,1
2636,55,Female,20,2,80.73,1614.89,0,0,0
2637,24,Male,71,1,39.92,2823.17,1,0,0
2638,34,Male,68,0,32.48,2196.52,3,0,0
2639,51,Female,39,2,39.0,1520.25,1,0,0
2640,48,Male,8,0,69.15,558.82,0,0,0
2641,50,Female,9,2,65.94,593.78,2,0,0
2642,54,Male,49,0,85.28,4181.31,0,1,0
2643,39,Male,49,2,33.57,1636.43,5,0,0
2644,23,Male,10,1,79.84,799.33,2,0,0
2645,61,Male,68,0,39.61,2704.89,2,0,0
2646,47,Female,45,0,29.1,1307.97,3,0,0
2647,53,Male,14,0,54.55,762.66,1,1,1
2648,20,Male,42,1,57.08,2400.92,3,1,1
2649,60,Male,10,2,64.01,642.16,0,0,0
2650,19,Male,14,0,70.43,982.29,0,0,0
2651,30,Female,61,1,46.4,2822.91,3,0,0
2652,46,Male,40,2,60.4,2415.25,0,0,0
2653,22,Female,33,2,71.54,2357.58,2,0,0
2654,22,Female,45,0,39.16,1767.99,1,0,0
2655,30,Male,51,0,49.19,2508.0,2,0,0
2656,35,Female,23,2,69.17,1590.8,1,0,0
2657,46,Female,66,0,37.74,2481.15,2,0,0
2658,53,Male,44,0,31.07,1369.84,1,0,0
2659,27,Male,53,0,90.26,4794.19,1,0,0
2660,20,Female,33,1,69.03,2276.88,1,0,0
2661,68,Female,11,0,25.99,287.5,1,1,1
2662,54,Female,61,1,38.58,2345.62,0,1,0
2663,43,Male,11,0,69.95,769.21,0,0,0
2664,71,Male,60,2,75.47,4527.57,5,0,0
2665,42,Male,42,1,90.98,3825.38,2,0,0
2666,35,Female,70,1,70.07,4904.34,0,0,0
2667,20,Male,14,0,32.01,444.17,1,0,0
2668,31,Male,68,0,69.66,4736.12,2,0,0
2669,76,Male,26,0,89.82,2339.36,1,0,1
2670,76,Male,1,0,61.33,67.0,2,0,1
2671,63,Female,11,1,51.74,575.4,1,0,0
2672,52,Female,58,0,40.75,2366.65,3,1,0
2673,37,Female,69,1,78.36,5396.96,1,0,0
2674,53,Male,5,1,91.14,460.62,0,0,0
2675,41,Female,45,0,47.08,2115.94,0,1,0
2676,19,Male,24,2,67.11,1612.15,1,0,0
2677,77,Male,47,0,30.37,1425.74,2,0,0
2678,43,Male,15,0,41.46,616.76,1,0,1
2679,36,Male,69,0,29.32,2026.59,0,0,0
2680,51,Male,62,0,63.3,3923.61,1,0,0
2681,33,Male,15,1,53.66,812.15,0,0,0
2682,46,Male,68,0,69.62,4728.37,2,1,0
2683,60,Male,50,0,50.59,2532.75,0,0,0
2684,33,Male,2,1,92.4,187.18,1,0,1
2685,41,Male,56,0,76.17,4269.72,3,0,0
2686,27,Female,45,2,60.82,2744.17,3,0,0
2687,47,Female,66,2,46.95,3094.86,2,0,0
2688,34,Male,50,0,75.14,3748.47,2,0,0
2689,51,Female,29,1,79.86,2321.24,0,1,1
2690,34,Female,37,1,38.45,1420.5,2,0,0
2691,32,Female,46,0,67.32,3094.6,2,1,0
2692,48,Female,51,1,90.11,4594.19,0,0,0
2693,34,Male,59,0,68.14,4027.49,1,0,0
2694,23,Male,26,2,81.44,2113.14,0,0,0
2695,24,Female,41,0,71.18,2924.18,1,0,0
2696,21,Male,1,1,91.24,82.25,2,0,0
2697,44,Male,15,0,38.73,582.54,1,0,0
2698,54,Male,12,0,49.0,592.75,1,0,0
2699,37,Female,36,0,51.69,1851.71,0,1,0
2700,65,Male,41,2,81.1,3331.04,0,0,0
2701,29,Female,37,0,53.43,1977.89,1,0,0
2702,22,Male,61,2,87.45,5338.1,1,0,0
2703,45,Female,40,0,68.51,2746.04,3,0,0
2704,28,Male,44,1,57.88,2545.93,1,0,0
2705,20,Male,36,2,65.81,2363.04,0,0,0
2706,41,Male,42,0,49.29,2078.29,1,0,0
2707,19,Male,61,0,76.42,4659.91,0,0,0
2708,20,Female,13,2,47.97,621.44,1,0,0
2709,42,Male,48,2,90.22,4330.2,1,0,0
2710,50,Male,9,1,44.38,394.48,3,0,0
2711,50,Male,19,0,51.01,965.17,1,1,1
2712,59,Male,8,0,28.16,224.96,0,1,1
2713,76,Female,8,1,42.15,335.35,3,1,1
2714,73,Female,2,0,33.34,64.1,0,0,0
2715,29,Male,63,1,25.6,1598.52,4,0,0
2716,68,Male,19,1,50.3,943.38,0,0,0
2717,46,Male,61,0,58.03,3536.72,1,0,0
2718,55,Male,52,1,40.65,2113.1,0,0,0
2719,21,Female,47,0,47.65,2239.59,2,0,0
2720,78,Male,29,0,49.24,1437.08,1,0,0
2721,52,Female,30,2,67.46,2023.32,1,0,0
2722,55,Male,39,0,38.96,1517.75,0,0,0
2723,55,Female,52,1,29.85,1555.36,1,0,0
2724,45,Female,19,1,66.26,1256.81,0,0,0
2725,42,Female,31,2,79.32,2462.58,1,1,0
2726,76,Male,55,0,29.72,1632.82,0,0,0
2727,31,Male,6,2,69.98,422.74,1,0,0
2728,42,Male,51,2,82.56,4211.54,0,0,0
2729,21,Female,64,1,59.13,3774.07,1,0,0
2730,78,Female,2,0,67.01,137.42,1,0,1
2731,63,Female,71,2,27.27,1933.06,1,0,0
2732,55,Male,48,2,48.47,2326.45,3,0,0
2733,36,Male,70,0,26.93,1876.6,1,0,0
2734,59,Male,56,0,61.86,3472.25,0,0,0
2735,23,Male,17,2,72.74,1241.27,2,0,0
2736,79,Female,65,0,67.39,4372.7,0,1,0
2737,56,Female,51,1,42.89,2185.23,2,0,0
2738,75,Female,34,0,47.46,1609.99,1,0,0
2739,20,Male,53,0,51.42,2720.93,1,0,0
2740,49,Female,10,2,68.23,683.07,2,0,0
2741,40,Male,57,0,63.51,3622.28,1,0,0
2742,26,Male,15,0,69.08,1036.44,2,0,1
2743,27,Male,30,0,50.71,1519.26,0,0,0
2744,35,Female,39,1,69.48,2703.34,1,0,0
2745,24,Female,39,1,32.77,1268.15,3,0,0
2746,49,Female,6,1,39.57,228.53,1,0,0
2747,42,Male,55,1,80.98,4447.1,0,0,0
2748,19,Female,70,1,50.5,3527.79,3,0,0
2749,53,Female,48,2,90.02,4314.64,2,1,0
2750,41,Male,42,0,60.35,2533.93,0,0,0
2751,37,Female,4,2,56.87,234.36,1,0,0
2752,74,Male,35,0,72.79,2540.98,2,0,1
2753,53,Male,20,0,62.18,1247.43,2,0,0
2754,78,Male,26,0,51.59,1342.57,1,0,0
2755,64,Male,6,0,80.73,488.27,2,0,1
2756,77,Male,34,1,68.02,2311.7,3,0,0
2757,41,Female,67,0,71.38,4783.13,2,0,0
2758,67,Female,20,1,82.23,1641.13,3,0,0
2759,77,Male,34,0,47.36,1622.96,3,0,0
2760,57,Female,67,1,31.78,2129.88,1,0,0
2761,44,Female,14,1,69.49,980.38,3,0,1
2762,53,Male,23,1,52.89,1208.55,1,0,0
2763,60,Female,52,0,49.24,2562.61,6,0,0
2764,42,Male,7,0,69.94,494.13,1,0,1
2765,19,Male,58,0,41.91,2437.27,1,0,0
2766,58,Male,6,0,30.51,176.98,2,0,1
2767,35,Male,37,1,30.36,1119.72,1,0,0
2768,70,Female,30,0,50.05,1504.43,1,0,0
2769,77,Female,42,2,42.47,1789.21,1,0,0
2770,42,Female,26,0,90.32,2354.82,3,1,1
2771,32,Female,26,1,76.51,1986.93,1,1,0
2772,41,Female,31,0,49.5,1525.97,3,1,1
2773,18,Female,34,0,29.34,1000.84,2,0,0
2774,54,Female,30,2,66.17,1986.21,3,0,0
2775,55,Male,15,1,32.66,493.64,2,0,0
2776,27,Female,53,1,69.67,3688.51,2,0,0
2777,18,Female,42,1,48.26,2029.43,2,1,0
2778,43,Female,13,0,48.05,626.47,2,0,0
2779,33,Female,56,2,30.05,1681.04,0,0,0
2780,27,Male,62,1,77.59,4803.88,1,0,0
2781,55,Female,66,0,46.77,3091.08,1,0,0
2782,20,Female,11,1,48.94,541.14,1,0,0
2783,58,Male,36,0,78.0,2808.3,3,0,1
2784,51,Male,64,1,94.54,6047.51,3,0,0
2785,56,Male,59,0,38.58,2267.9,1,0,0
2786,56,Female,44,1,71.98,3170.96,3,0,0
2787,21,Male,8,0,37.89,302.6,1,1,1
2788,28,Female,64,0,79.88,5115.69,1,0,0
2789,75,Female,30,2,42.78,1291.3,1,0,0
2790,61,Male,68,2,90.43,6147.75,1,0,0
2791,29,Female,42,1,50.14,2115.48,2,1,0
2792,32,Male,62,2,90.88,5633.2,1,0,0
2793,79,Male,41,0,38.88,1596.14,0,0,0
2794,73,Female,14,2,76.87,1078.47,4,0,0
2795,70,Male,4,1,51.38,195.47,2,0,1
2796,78,Male,11,0,56.1,626.54,2,0,0
2797,53,Female,25,1,52.11,1305.98,2,1,0
2798,76,Male,52,1,59.39,3088.28,1,1,0
2799,43,Male,26,0,40.13,1038.04,2,0,0
2800,70,Female,51,0,71.06,3624.78,0,0,0
2801,54,Male,60,0,33.69,2023.68,3,0,0
2802,25,Male,70,0,51.08,3583.75,0,0,0
2803,20,Female,23,0,40.53,944.14,0,0,0
2804,57,Female,23,0,26.45,607.1,4,0,0
2805,70,Male,30,0,50.02,1503.44,4,0,1
2806,53,Male,33,0,49.09,1618.6,2,1,1
2807,54,Male,29,1,31.28,898.61,1,0,0
2808,72,Male,49,0,50.23,2462.95,1,0,0
2809,22,Male,39,0,50.52,1966.5,0,0,0
2810,54,Male,67,1,57.72,3864.38,1,0,0
2811,20,Female,51,1,66.68,3399.8,0,0,0
2812,36,Female,15,2,72.8,1087.16,3,0,0
2813,62,Female,62,1,73.29,4546.07,2,1,0
2814,40,Male,17,0,48.64,819.71,5,0,1
2815,57,Female,57,1,50.92,2900.16,0,0,0
2816,68,Male,31,2,60.66,1881.69,3,0,0
2817,49,Female,47,0,37.04,1744.0,3,0,0
2818,69,Male,25,0,48.59,1216.34,2,0,0
2819,18,Male,35,0,43.61,1517.48,2,0,0
2820,63,Female,15,1,70.35,1056.27,3,1,1
2821,39,Male,9,0,31.62,286.69,0,1,1
2822,63,Female,62,0,41.57,2575.87,1,0,0
2823,24,Male,24,1,74.17,1771.84,0,0,0
2824,69,Female,21,1,50.47,1057.84,2,0,0
2825,30,Female,7,0,68.15,481.75,1,1,1
2826,78,Female,66,2,68.06,4493.06,2,1,0
2827,64,Male,61,1,87.76,5346.98,1,0,0
2828,34,Female,66,2,58.87,3884.49,3,0,0
2829,56,Male,49,1,51.65,2529.9,0,1,0
2830,21,Male,30,1,90.32,2709.04,1,0,0
2831,70,Female,22,0,29.49,646.34,0,0,0
2832,53,Female,50,2,51.41,2569.1,2,0,0
2833,56,Male,11,0,52.3,579.34,2,0,1
2834,48,Male,15,0,72.02,1087.81,0,0,1
2835,52,Male,11,0,90.92,999.97,0,0,0
2836,39,Male,42,1,60.27,2539.14,2,0,0
2837,70,Female,1,1,80.12,84.24,1,1,1
2838,74,Male,43,2,27.19,1165.52,0,0,0
2839,20,Female,41,0,56.45,2321.14,1,0,0
2840,34,Female,18,2,46.05,827.05,3,0,0
2841,19,Female,71,0,70.23,4980.09,2,0,0
2842,25,Male,13,0,51.08,657.2,0,0,0
2843,38,Male,1,0,89.74,93.22,0,0,1
2844,42,Female,37,1,38.15,1411.65,0,0,0
2845,42,Male,19,1,50.01,947.89,1,0,0
2846,79,Male,35,0,73.65,2577.26,0,0,0
2847,56,Female,70,0,50.41,3529.94,2,0,0
2848,38,Male,12,0,59.61,708.15,0,0,0
2849,40,Female,24,1,62.03,1496.59,1,1,0
2850,19,Male,9,0,47.77,430.49,0,0,1
2851,30,Female,46,2,71.61,3290.82,2,0,0
2852,64,Male,22,0,49.26,1086.67,1,0,0
2853,51,Male,68,1,47.72,3231.0,2,0,0
2854,63,Female,32,1,40.38,1286.49,1,0,0
2855,62,Female,38,0,81.55,3096.33,1,0,0
2856,78,Male,17,2,59.1,1002.74,3,0,0
2857,40,Male,13,0,32.41,413.16,3,0,0
2858,71,Female,41,0,49.81,2038.32,1,0,0
2859,22,Female,10,1,40.74,398.66,1,0,0
2860,54,Female,13,1,30.83,403.24,2,0,0
2861,36,Female,66,1,48.78,3217.21,2,0,0
2862,25,Male,56,1,86.76,4860.63,2,1,0
2863,55,Male,39,1,71.05,2765.63,1,0,0
2864,39,Female,3,0,72.04,216.35,0,0,0
2865,24,Male,19,1,69.98,1325.31,5,0,1
2866,74,Male,47,0,29.75,1402.63,3,0,0
2867,61,Female,68,2,58.76,3998.81,3,0,0
2868,60,Male,19,0,59.57,1130.28,0,0,0
2869,45,Male,29,0,51.97,1510.23,2,1,1
2870,45,Female,13,2,65.52,847.53,4,0,0
2871,44,Female,12,1,67.29,799.3,1,0,0
2872,56,Female,46,1,67.33,3096.91,0,0,0
2873,41,Female,46,0,41.57,1911.64,1,0,0
2874,18,Female,71,1,90.75,6445.04,1,0,0
2875,49,Female,29,2,51.75,1501.31,1,1,0
2876,77,Female,49,2,38.92,1896.88,1,1,0
2877,73,Female,13,2,82.41,1073.11,4,0,0
2878,77,Female,37,1,48.1,1778.12,1,0,0
2879,50,Female,40,2,81.87,3270.15,0,0,0
2880,49,Male,28,1,72.27,2024.34,0,0,0
2881,49,Female,16,0,71.33,1144.43,1,0,0
2882,46,Female,65,1,33.29,2171.19,1,0,0
2883,34,Male,4,1,89.31,360.24,1,0,1
2884,73,Female,36,1,61.86,2223.2,0,0,0
2885,70,Female,38,1,51.83,1971.45,2,0,0
2886,18,Male,68,0,70.87,4814.22,3,0,0
2887,49,Female,44,0,28.93,1274.28,1,0,0
2888,22,Male,20,0,68.54,1371.95,3,0,1
2889,41,Male,49,1,72.18,3534.42,0,0,0
2890,62,Male,64,1,69.54,4449.34,0,0,0
2891,78,Female,35,1,49.64,1747.15,1,1,0
2892,32,Male,10,1,69.2,686.11,0,0,0
2893,54,Female,7,1,64.79,454.67,2,0,0
2894,21,Male,1,1,88.79,83.32,3,1,1
2895,55,Female,29,2,58.19,1688.07,0,0,0
2896,55,Male,42,1,70.05,2953.94,1,1,0
2897,70,Female,54,0,42.98,2316.63,0,0,0
2898,74,Female,70,1,31.41,2189.66,0,0,0
2899,33,Female,40,1,59.9,2395.06,2,0,0
2900,26,Male,28,0,96.61,2705.16,6,1,1
2901,26,Female,36,1,40.98,1471.3,3,0,0
2902,50,Female,29,2,64.5,1870.72,3,0,0
2903,25,Male,9,2,90.27,807.36,3,0,0
2904,59,Male,21,0,71.17,1503.02,1,0,0
2905,27,Male,48,0,31.38,1509.31,0,1,0
2906,37,Female,43,2,90.96,3911.15,2,0,0
2907,65,Male,67,0,70.47,4723.62,1,0,0
2908,21,Female,59,0,69.93,4132.32,0,0,0
2909,37,Female,26,0,49.1,1274.77,3,0,0
2910,26,Male,52,0,50.16,2610.14,0,0,0
2911,68,Male,18,1,30.63,550.45,0,0,0
2912,79,Female,10,2,68.86,696.72,3,0,0
2913,48,Female,71,2,31.25,2218.46,3,1,0
2914,74,Female,71,0,91.73,6510.73,1,0,0
2915,24,Male,12,1,50.96,612.4,1,0,0
2916,52,Female,12,2,40.65,494.28,3,0,0
2917,49,Female,5,0,72.47,356.41,1,0,1
2918,20,Male,62,0,55.29,3428.15,0,1,0
2919,65,Male,41,1,36.9,1525.0,1,0,0
2920,37,Male,54,1,72.62,3920.63,3,0,0
2921,60,Male,47,0,49.57,2335.26,1,0,0
2922,58,Male,21,2,71.53,1502.02,0,0,0
2923,33,Female,26,1,50.32,1305.52,1,0,0
2924,52,Female,71,2,67.81,4803.23,1,0,0
2925,52,Male,4,1,69.15,271.39,4,0,1
2926,52,Female,41,2,28.31,1157.7,0,1,0
2927,56,Male,27,0,38.88,1047.4,4,0,0
2928,36,Male,13,0,48.97,633.46,0,0,0
2929,69,Female,10,0,38.39,389.79,3,0,0
2930,51,Female,48,1,50.59,2425.94,0,0,0
2931,69,Female,33,0,31.97,1050.33,1,0,0
2932,75,Female,16,0,74.14,1182.8,1,0,0
2933,22,Female,55,0,40.63,2238.28,1,0,0
2934,60,Male,59,0,30.84,1816.53,1,0,0
2935,51,Male,25,0,91.42,2280.35,2,0,1
2936,45,Male,19,0,29.24,552.43,1,0,0
2937,32,Female,1,1,48.63,47.23,1,0,0
2938,40,Female,28,1,90.53,2533.85,3,0,0
2939,75,Female,39,0,30.04,1163.79,0,0,0
2940,78,Female,68,2,51.28,3484.22,2,0,0
2941,64,Female,59,1,51.43,3029.58,2,0,0
2942,66,Female,61,1,71.28,4346.42,2,0,0
2943,37,Male,40,0,70.07,2803.48,1,0,0
2944,21,Female,27,2,93.82,2536.15,1,0,0
2945,58,Female,13,1,91.25,1194.34,1,0,0
2946,22,Female,66,2,72.12,4762.41,1,0,0
2947,20,Male,46,0,59.11,2718.32,2,1,0
2948,39,Female,37,0,71.25,2632.77,0,0,0
2949,65,Male,11,0,80.51,883.82,0,0,0
2950,18,Female,7,0,40.26,295.86,3,0,1
2951,63,Female,70,0,57.96,4059.41,1,0,0
2952,22,Female,65,2,67.61,4391.51,1,0,0
2953,49,Female,31,0,64.19,1986.71,1,0,0
2954,75,Male,38,0,91.33,3464.57,1,1,1
2955,41,Female,10,0,59.62,586.17,4,0,1
2956,32,Female,1,0,48.73,46.93,2,0,1
2957,68,Male,9,0,37.88,341.63,1,1,1
2958,62,Male,49,0,80.31,3931.53,2,0,0
2959,61,Male,55,1,93.01,5104.09,2,0,0
2960,31,Female,22,2,90.57,1992.6,0,0,0
2961,77,Female,62,1,27.33,1688.53,1,0,0
2962,60,Female,58,0,40.87,2378.81,1,0,0
2963,73,Male,20,1,72.19,1442.96,2,0,0
2964,27,Female,9,2,53.47,479.58,3,0,0
2965,46,Female,50,0,69.82,3491.73,3,0,0
2966,78,Female,27,0,93.14,2508.44,1,0,0
2967,28,Male,69,2,90.21,6230.16,2,0,0
2968,27,Male,69,0,30.63,2120.93,1,0,0
2969,64,Male,63,0,48.0,3021.58,0,0,0
2970,45,Male,1,1,72.27,71.25,0,0,0
2971,26,Male,58,0,79.7,4626.71,0,0,0
2972,30,Female,69,0,64.53,4458.46,3,0,0
2973,26,Male,48,1,68.88,3301.59,4,0,0
2974,18,Female,13,1,50.1,653.78,0,1,0
2975,50,Male,22,1,49.86,1095.4,1,0,0
2976,63,Male,16,1,71.23,1151.17,5,0,1
2977,39,Male,47,2,70.14,3295.77,1,1,0
2978,46,Female,52,2,80.96,4205.61,3,0,0
2979,59,Male,40,0,80.51,3213.4,0,0,0
2980,29,Male,18,0,80.91,1454.96,1,0,0
2981,26,Male,64,0,49.7,3182.73,0,0,0
2982,61,Female,21,0,31.43,669.38,0,0,0
2983,23,Male,55,1,78.75,4326.29,1,0,0
2984,42,Female,6,1,65.51,390.78,1,0,0
2985,76,Male,20,1,31.53,633.19,1,0,0
2986,22,Male,40,1,49.83,1999.51,1,0,0
2987,64,Male,58,0,72.77,4214.5,0,0,0
2988,52,Male,12,1,60.76,733.43,1,0,0
2989,54,Female,46,1,72.75,3352.56,1,1,1
2990,27,Female,13,0,71.24,931.27,0,1,1
2991,63,Female,8,0,89.6,716.53,0,0,0
2992,56,Male,30,0,30.61,922.38,1,0,0
2993,68,Male,21,2,41.51,871.88,1,0,0
2994,37,Male,65,1,90.19,5853.76,2,0,0
2995,57,Female,60,1,29.16,1746.0,4,0,0
2996,56,Male,45,0,45.86,2068.15,2,0,0
2997,42,Female,5,0,80.49,402.29,1,0,0
2998,73,Female,25,0,49.33,1235.92,0,0,0
2999,45,Male,46,1,79.8,3671.74,2,0,0
3000,41,Male,56,2,69.2,3878.27,0,0,0
3001,79,Male,37,0,30.02,1108.29,2,0,0
3002,72,Female,7,0,70.12,489.65,3,0,1
3003,40,Male,24,1,71.69,1711.36,2,0,0
3004,77,Male,37,1,71.13,2634.37,2,1,0
3005,54,Male,18,0,90.57,1634.03,1,0,1
3006,62,Male,51,0,49.73,2537.99,1,0,0
3007,24,Female,28,1,62.17,1750.46,0,0,0
3008,37,Male,8,1,51.53,410.78,1,0,0
3009,55,Female,23,0,51.92,1188.6,2,0,1
3010,50,Female,22,0,58.73,1297.49,2,0,0
3011,30,Male,40,0,49.34,1981.98,1,0,0
3012,31,Male,46,1,71.08,3269.58,0,0,0
3013,26,Female,59,0,51.73,3051.99,0,1,0
3014,63,Female,35,0,38.04,1331.76,0,0,0
3015,53,Female,4,0,67.18,269.19,2,0,1
3016,44,Female,7,2,68.19,478.0,1,0,0
3017,76,Female,46,0,61.64,2835.29,2,0,0
3018,78,Male,8,0,82.05,655.66,0,0,1
3019,21,Male,37,2,32.57,1205.15,2,0,0
3020,22,Male,18,2,77.79,1397.87,1,0,0
3021,39,Male,38,1,60.47,2293.67,3,0,0
3022,49,Male,46,0,39.1,1794.48,2,0,0
3023,48,Female,42,0,61.23,2564.93,3,0,0
3024,68,Female,8,0,51.89,419.05,1,0,1
3025,22,Female,44,2,70.25,3095.67,1,0,0
3026,73,Male,36,0,60.24,2170.55,0,0,0
3027,60,Female,24,0,44.05,1050.45,4,0,0
3028,78,Male,66,1,70.32,4639.0,1,0,0
3029,51,Female,71,2,39.35,2791.03,2,0,0
3030,44,Male,70,1,82.17,5751.56,2,0,0
3031,67,Male,51,0,69.05,3526.64,5,1,1
3032,32,Male,63,1,50.32,3169.35,1,0,0
3033,63,Female,9,0,66.69,595.05,1,0,0
3034,39,Female,48,1,47.49,2279.88,2,0,0
3035,74,Male,41,1,53.93,2211.18,1,0,0
3036,53,Female,54,0,39.83,2149.32,3,0,0
3037,79,Female,65,1,91.91,5981.17,1,0,0
3038,78,Male,59,2,71.37,4209.95,1,0,0
3039,75,Male,21,2,67.17,1414.46,0,0,0
3040,43,Male,66,2,46.78,3098.39,3,0,0
3041,77,Female,59,0,70.89,4179.95,3,0,0
3042,59,Female,34,0,68.78,2339.23,2,0,0
3043,26,Male,39,0,66.37,2592.85,2,0,0
3044,72,Male,69,1,47.59,3292.04,1,0,0
3045,46,Male,29,0,33.66,979.01,0,0,0
3046,77,Female,30,1,69.91,2091.63,2,0,1
3047,46,Male,60,1,51.19,3071.58,1,0,0
3048,41,Male,27,2,70.01,1897.38,1,0,0
3049,31,Male,62,0,48.33,2999.0,2,0,0
3050,49,Female,9,0,50.58,455.46,0,0,0
3051,61,Male,38,1,79.88,3041.26,2,0,0
3052,55,Female,60,2,51.12,3066.12,2,0,0
3053,63,Female,27,0,48.63,1315.78,2,0,0
3054,23,Male,71,2,92.77,6580.46,2,0,0
3055,66,Female,50,0,41.17,2051.95,4,0,0
3056,25,Female,43,0,87.84,3784.22,2,0,0
3057,74,Female,57,0,44.84,2558.67,0,0,0
3058,47,Female,7,0,31.31,212.22,1,0,0
3059,61,Female,52,1,59.89,3110.89,2,0,0
3060,70,Male,21,1,48.54,1014.2,4,0,0
3061,57,Male,28,2,69.72,1952.49,0,0,0
3062,73,Male,16,1,73.47,1175.49,4,0,0
3063,26,Male,67,2,41.76,2797.71,3,0,0
3064,70,Male,53,1,81.54,4323.27,1,1,0
3065,76,Female,35,1,48.76,1704.2,0,0,0
3066,45,Female,21,0,33.89,718.43,1,0,0
3067,31,Male,54,0,51.12,2759.59,2,0,0
3068,78,Female,51,0,92.13,4699.76,1,1,0
3069,47,Male,47,0,56.96,2682.97,4,0,0
3070,50,Male,52,0,28.43,1476.66,2,1,0
3071,30,Female,47,0,70.4,3301.05,1,0,0
3072,38,Female,64,0,69.72,4458.81,1,0,0
3073,75,Female,4,0,68.42,274.31,3,0,1
3074,21,Male,7,2,48.23,344.95,2,0,0
3075,22,Male,67,0,35.11,2350.41,0,0,0
3076,23,Female,48,1,90.92,4369.62,0,0,0
3077,59,Female,19,2,49.86,954.06,4,0,0
3078,59,Male,53,1,30.51,1616.73,0,1,0
3079,62,Male,48,0,68.94,3310.99,1,0,0
3080,72,Female,16,0,66.42,1059.24,3,0,1
3081,29,Male,17,0,64.24,1094.2,1,1,1
3082,22,Male,43,0,70.67,3036.71,0,0,0
3083,48,Male,37,2,89.42,3304.11,1,0,0
3084,25,Female,8,0,57.87,465.84,2,0,0
3085,49,Male,41,0,48.79,2007.15,3,0,0
3086,25,Male,59,1,80.14,4720.6,0,0,0
3087,75,Female,35,1,94.01,3288.76,1,0,0
3088,71,Female,1,0,39.96,38.83,2,0,0
3089,51,Male,31,2,40.05,1247.07,1,0,0
3090,71,Male,62,1,70.34,4367.21,1,0,0
3091,74,Male,61,0,87.42,5334.04,2,0,0
3092,42,Female,18,1,66.51,1195.0,0,0,0
3093,29,Female,64,0,58.52,3749.75,0,0,0
3094,20,Female,1,0,30.55,39.36,0,0,0
3095,67,Male,31,1,92.18,2854.06,2,0,0
3096,78,Male,57,2,46.58,2653.8,2,0,0
3097,19,Male,71,1,28.37,2010.16,4,1,0
3098,30,Female,62,2,90.18,5588.14,4,0,0
3099,79,Female,63,2,38.64,2434.3,0,0,0
3100,75,Male,28,1,44.25,1243.39,1,0,0
3101,72,Male,37,0,91.25,3359.67,1,1,1
3102,33,Female,47,1,89.6,4219.11,1,0,0
3103,31,Male,41,1,70.05,2863.76,3,0,0
3104,70,Male,25,0,41.01,1025.61,2,1,1
3105,57,Female,34,0,41.8,1410.19,2,0,0
3106,71,Male,42,1,45.39,1909.83,3,0,0
3107,19,Female,55,1,49.82,2749.08,4,0,0
3108,35,Female,23,1,67.03,1547.74,0,0,0
3109,75,Male,39,0,69.5,2712.11,2,0,0
3110,29,Female,39,0,26.81,1047.55,0,1,0
3111,20,Male,31,2,68.89,2133.89,2,0,0
3112,60,Male,55,0,39.52,2171.93,1,0,0
3113,29,Male,49,0,48.59,2384.72,2,0,0
3114,60,Female,36,0,64.62,2313.84,1,0,0
3115,77,Male,22,2,69.7,1537.86,2,0,0
3116,18,Female,53,0,80.2,4250.81,1,0,0
3117,36,Female,69,0,50.41,3476.57,1,0,0
3118,72,Female,4,1,40.63,167.97,2,0,0
3119,62,Male,6,1,71.62,437.49,0,0,0
3120,32,Female,13,0,89.12,1152.63,2,0,1
3121,46,Female,5,2,80.39,404.33,0,0,0
3122,31,Male,19,0,27.62,517.48,1,0,0
3123,59,Female,8,0,69.55,558.22,0,0,0
3124,35,Male,69,1,50.49,3480.33,3,1,0
3125,36,Male,36,2,70.79,2549.78,0,0,0
3126,26,Female,66,2,47.96,3160.75,1,0,0
3127,59,Female,67,0,58.47,3921.77,3,0,0
3128,34,Male,42,1,39.57,1658.9,3,0,0
3129,76,Female,56,2,79.02,4431.61,1,0,0
3130,75,Female,20,1,82.36,1647.09,0,0,0
3131,50,Female,31,1,68.01,2113.36,3,0,0
3132,41,Female,8,0,49.7,399.37,2,0,0
3133,31,Female,35,0,71.72,2504.03,1,0,1
3134,77,Male,40,0,60.62,2423.76,3,0,0
3135,52,Female,57,0,81.05,4626.3,2,0,0
3136,63,Male,65,1,72.45,4704.86,1,0,0
3137,59,Male,12,0,37.62,453.99,1,1,1
3138,27,Female,12,2,51.4,618.2,1,1,0
3139,30,Female,18,0,91.71,1657.32,2,1,1
3140,77,Male,22,1,80.71,1778.09,0,0,0
3141,51,Male,4,1,78.99,310.46,0,1,1
3142,22,Male,17,1,42.19,714.95,1,0,0
3143,78,Male,15,1,71.3,1065.29,0,0,0
3144,67,Female,36,0,40.01,1437.78,2,0,0
3145,19,Female,66,0,27.05,1785.45,1,0,0
3146,75,Male,20,2,48.02,956.32,3,1,0
3147,21,Male,10,0,50.35,500.1,1,0,1
3148,68,Female,58,0,32.96,1911.54,2,0,0
3149,46,Male,47,0,83.07,3911.52,3,0,0
3150,59,Male,17,1,31.25,523.79,1,0,0
3151,76,Male,41,0,39.81,1631.3,3,0,0
3152,47,Male,40,0,35.64,1425.62,1,0,0
3153,54,Male,62,0,79.24,4916.47,1,0,0
3154,63,Female,71,0,51.53,3659.04,0,0,0
3155,63,Male,6,2,48.87,296.84,1,1,1
3156,62,Male,59,0,28.4,1677.23,1,0,0
3157,56,Female,34,0,87.88,2995.47,0,0,0
3158,25,Female,54,1,56.48,3047.09,0,0,0
3159,67,Female,11,1,58.05,633.67,0,0,0
3160,24,Female,45,0,48.9,2194.85,2,1,1
3161,63,Male,10,0,50.38,498.49,2,0,1
3162,73,Female,14,0,42.54,592.37,0,0,0
3163,79,Female,29,1,50.82,1472.47,0,0,0
3164,28,Female,52,0,31.81,1648.2,1,0,0
3165,35,Female,6,2,43.33,260.64,4,0,0
3166,47,Female,62,0,66.66,4130.73,3,0,0
3167,64,Male,35,2,50.1,1761.9,0,1,0
3168,48,Male,33,1,37.42,1241.55,2,0,0
3169,28,Male,31,1,31.76,988.01,4,0,0
3170,74,Male,29,1,41.28,1197.2,7,0,0
3171,57,Female,61,1,82.05,5007.45,0,0,0
3172,34,Female,43,0,39.27,1685.1,2,0,0
3173,33,Male,8,2,60.63,477.79,2,0,0
3174,70,Male,37,1,83.01,3066.99,0,0,0
3175,56,Male,50,2,28.91,1439.69,6,0,0
3176,36,Female,33,1,69.03,2278.4,1,0,0
3177,69,Female,64,2,57.19,3669.26,3,0,0
3178,48,Female,41,0,42.62,1752.78,1,0,0
3179,30,Male,33,1,71.54,2363.49,2,0,0
3180,30,Male,39,0,30.06,1178.33,1,0,0
3181,30,Male,49,1,69.41,3396.18,2,0,0
3182,54,Female,44,1,87.27,3846.84,2,0,0
3183,32,Female,58,1,52.96,3070.23,3,0,0
3184,25,Female,25,0,29.63,737.82,0,1,1
3185,75,Male,52,2,59.83,3110.76,0,0,0
3186,41,Female,8,0,79.32,639.44,0,1,1
3187,30,Female,61,0,49.96,3059.43,3,0,0
3188,35,Male,4,0,83.0,340.69,3,0,1
3189,37,Female,19,1,72.52,1377.49,3,0,0
3190,21,Male,67,0,37.04,2487.47,1,0,0
3191,42,Female,5,1,28.31,142.17,0,0,0
3192,30,Female,52,2,61.65,3211.66,1,0,0
3193,70,Male,55,0,80.05,4392.55,2,0,0
3194,44,Male,9,2,68.29,618.04,2,1,0
3195,29,Female,57,0,52.5,2994.14,3,0,0
3196,37,Female,51,2,68.99,3518.73,0,0,0
3197,44,Male,7,0,39.77,277.75,2,0,1
3198,30,Female,15,0,89.55,1341.16,2,0,0
3199,76,Female,25,0,50.86,1272.0,3,1,1
3200,56,Male,55,1,41.31,2278.78,3,0,0
3201,63,Male,22,1,41.56,918.47,0,0,0
3202,68,Female,35,0,46.75,1642.86,2,0,0
3203,75,Male,44,0,51.76,2270.91,3,0,0
3204,54,Female,71,1,49.65,3529.38,3,0,0
3205,25,Male,31,0,31.87,985.64,3,1,1
3206,46,Male,26,1,39.44,1018.0,2,0,0
3207,56,Male,30,0,28.33,851.67,2,0,0
3208,75,Male,65,0,47.54,3090.97,0,0,0
3209,58,Female,67,0,70.76,4745.44,0,0,0
3210,28,Male,29,1,28.59,833.12,2,1,0
3211,24,Female,37,2,49.22,1820.69,1,0,0
3212,66,Male,33,2,69.23,2279.71,0,1,0
3213,27,Female,30,1,79.37,2382.61,3,0,0
3214,51,Female,24,2,72.97,1750.58,1,0,0
3215,76,Female,6,0,31.99,188.22,1,0,0
3216,52,Female,66,1,68.5,4512.58,1,0,0
3217,53,Female,13,1,79.87,1031.2,1,0,0
3218,26,Male,27,0,88.44,2382.6,0,0,0
3219,59,Male,21,2,49.63,1048.75,0,0,0
3220,55,Female,68,0,43.55,2952.25,0,0,0
3221,62,Male,36,0,79.47,2860.54,0,0,0
3222,29,Male,33,1,71.78,2368.29,1,0,0
3223,67,Male,69,1,58.0,3998.48,0,0,0
3224,37,Male,49,1,47.5,2324.26,2,0,0
3225,44,Female,46,1,28.82,1316.56,2,0,0
3226,25,Male,51,1,89.7,4573.54,2,0,0
3227,39,Male,56,1,90.77,5071.23,0,0,0
3228,75,Male,56,1,78.07,4376.39,2,0,0
3229,61,Male,43,2,36.63,1578.49,1,0,0
3230,78,Male,2,0,27.35,46.94,3,0,1
3231,79,Male,63,0,50.19,3166.82,2,0,0
3232,70,Female,31,1,39.14,1217.84,2,0,0
3233,28,Male,65,1,46.06,2992.86,0,0,0
3234,57,Female,45,2,69.9,3149.78,1,0,0
3235,49,Male,9,2,40.71,364.21,0,0,0
3236,46,Male,66,0,86.31,5693.61,1,1,0
3237,37,Female,2,1,89.01,189.8,2,0,1
3238,53,Male,40,2,47.66,1900.44,0,0,0
3239,23,Female,6,0,49.17,294.86,0,1,0
3240,40,Male,10,2,88.14,892.5,2,0,0
3241,28,Female,49,2,51.23,2511.69,3,1,0
3242,60,Male,68,0,90.41,6146.8,1,1,0
3243,30,Female,40,0,59.32,2367.83,0,0,0
3244,72,Male,64,1,33.63,2148.47,1,0,0
3245,72,Female,26,1,69.59,1807.18,1,0,0
3246,28,Female,30,1,49.8,1504.66,4,1,1
3247,72,Female,30,1,32.16,965.23,4,0,1
3248,21,Male,13,1,70.78,918.73,1,0,0
3249,22,Female,12,0,57.47,695.84,3,0,1
3250,56,Male,50,0,90.12,4502.74,0,1,0
3251,66,Female,60,0,49.13,2951.27,1,0,0
3252,62,Male,12,2,50.16,588.15,0,0,0
3253,55,Male,32,0,67.48,2157.93,4,1,1
3254,39,Female,41,1,31.6,1292.39,4,0,0
3255,22,Male,19,0,63.07,1200.46,1,0,1
3256,73,Male,64,0,58.43,3739.25,1,0,0
3257,36,Male,52,1,41.57,2164.59,1,0,0
3258,21,Female,10,1,71.46,718.97,2,0,1
3259,22,Female,26,2,69.04,1796.13,2,0,0
3260,53,Female,69,1,87.13,6018.91,3,0,0
3261,66,Female,62,1,58.1,3609.34,1,0,0
3262,19,Male,64,1,79.96,5115.35,2,0,0
3263,48,Female,15,0,62.39,937.47,1,0,0
3264,46,Male,4,1,30.69,124.18,1,1,1
3265,22,Female,69,1,42.61,2953.52,1,0,0
3266,71,Male,60,0,79.71,4784.31,3,1,0
3267,25,Female,14,0,82.45,1150.4,3,0,1
3268,77,Female,56,0,67.28,3775.24,3,0,0
3269,74,Female,11,0,72.14,792.97,1,1,1
3270,56,Female,28,0,30.03,847.18,3,0,1
3271,64,Female,68,0,71.83,4885.22,2,0,0
3272,52,Male,25,0,60.27,1506.62,1,0,0
3273,52,Female,15,0,40.56,600.41,3,1,1
3274,48,Male,68,1,29.31,1984.83,1,1,0
3275,64,Female,13,0,31.89,411.27,2,0,0
3276,51,Female,21,0,93.47,1965.36,1,0,1
3277,68,Male,61,2,90.46,5519.24,2,0,0
3278,56,Male,50,1,71.7,3586.52,5,0,0
3279,40,Male,11,1,39.52,430.17,0,0,0
3280,67,Female,64,0,88.84,5689.01,0,0,0
3281,67,Male,14,1,36.69,518.54,1,1,0
3282,77,Male,17,1,48.18,815.27,0,0,0
3283,33,Female,5,0,34.43,169.26,2,0,1
3284,66,Male,1,0,87.76,85.91,0,0,0
3285,59,Male,43,0,51.48,2207.16,1,0,0
3286,18,Female,53,1,31.56,1666.08,2,0,0
3287,62,Female,71,0,33.5,2383.15,1,1,0
3288,28,Female,62,0,33.48,2071.84,4,0,0
3289,35,Male,59,0,72.77,4296.92,0,1,0
3290,72,Female,54,0,78.28,4229.02,1,0,0
3291,32,Female,43,0,35.29,1518.35,2,0,0
3292,76,Male,7,0,93.31,666.09,0,0,1
3293,38,Male,9,1,69.58,625.17,1,1,1
3294,47,Male,49,1,71.61,3519.99,2,0,0
3295,59,Female,40,1,67.84,2716.06,1,0,0
3296,76,Male,28,1,69.17,1930.98,0,0,0
3297,59,Male,63,0,40.94,2571.66,2,0,0
3298,52,Female,52,1,78.28,4076.31,0,0,0
3299,31,Male,29,0,58.44,1696.4,1,0,0
3300,25,Female,2,0,88.86,182.95,0,0,0
3301,47,Female,42,0,71.87,3022.42,0,0,0
3302,59,Female,50,1,29.23,1461.03,1,1,0
3303,62,Male,21,1,41.29,863.56,2,1,1
3304,28,Female,45,1,62.1,2785.27,0,0,0
3305,76,Male,9,0,69.9,627.08,0,0,0
3306,33,Female,18,2,52.2,937.46,0,0,0
3307,78,Male,47,2,71.01,3336.02,3,0,0
3308,57,Male,24,0,53.15,1268.37,1,0,0
3309,64,Male,52,2,79.61,4141.97,2,1,0
3310,49,Female,67,0,28.94,1934.78,0,0,0
3311,18,Male,28,2,29.35,820.68,1,0,0
3312,30,Male,36,0,51.45,1845.75,1,0,0
3313,51,Male,13,0,88.3,1144.87,3,0,1
3314,41,Male,43,0,90.16,3880.09,2,0,0
3315,36,Female,4,0,79.55,312.02,0,0,1
3316,24,Male,6,0,90.08,549.02,3,0,1
3317,22,Male,49,1,26.15,1283.53,2,0,0
3318,37,Female,68,0,40.37,2745.13,0,0,0
3319,77,Male,65,1,61.86,4019.04,1,0,0
3320,44,Male,35,1,38.84,1357.79,0,1,0
3321,34,Female,46,0,71.44,3288.43,0,1,0
3322,71,Female,2,1,71.16,145.09,3,0,1
3323,63,Male,63,2,28.43,1786.52,2,1,0
3324,24,Male,62,2,47.15,2925.6,0,1,0
3325,61,Female,3,0,84.68,258.57,2,0,1
3326,66,Male,29,0,41.4,1203.67,2,0,0
3327,58,Male,25,2,67.47,1688.3,1,1,0
3328,66,Female,71,2,70.43,4998.75,2,0,0
3329,32,Male,35,1,31.27,1088.73,1,0,0
3330,28,Male,25,0,38.68,978.73,4,0,0
3331,40,Female,65,1,28.69,1862.09,3,0,0
3332,55,Male,14,1,38.08,529.88,2,0,0
3333,76,Male,59,2,31.06,1841.21,3,1,0
3334,57,Male,27,2,60.82,1644.17,4,0,0
3335,77,Male,8,2,60.61,496.76,2,0,0
3336,29,Male,34,0,50.1,1711.25,1,0,0
3337,43,Male,12,0,68.47,813.53,1,0,1
3338,55,Male,48,2,79.85,3834.08,1,0,0
3339,23,Female,65,1,50.4,3274.0,0,0,0
3340,43,Male,30,0,39.08,1172.66,0,0,0
3341,45,Female,59,0,69.4,4098.28,3,1,1
3342,33,Male,70,0,46.19,3235.71,3,1,0
3343,52,Female,12,1,91.94,1104.69,4,0,1
3344,28,Male,33,1,61.93,2041.72,0,0,0
3345,35,Female,13,2,87.56,1142.47,3,0,0
3346,70,Female,39,0,92.18,3594.26,1,0,0
3347,72,Male,28,0,40.72,1140.72,0,1,0
3348,51,Female,29,1,81.74,2365.05,2,0,0
3349,26,Male,2,0,72.96,133.72,2,0,1
3350,33,Male,60,0,53.56,3213.72,1,0,0
3351,28,Female,32,1,65.73,2102.18,1,0,0
3352,56,Female,61,0,92.81,5654.8,4,0,0
3353,51,Male,47,1,67.43,3173.24,0,0,0
3354,69,Female,3,0,41.98,126.9,2,0,1
3355,22,Female,36,1,47.68,1715.43,2,0,0
3356,37,Female,23,1,46.6,1064.2,2,0,0
3357,75,Male,28,1,89.35,2497.46,2,0,0
3358,52,Male,70,1,27.63,1929.02,0,0,0
3359,46,Female,35,1,75.74,2656.49,1,0,0
3360,78,Female,55,2,77.45,4263.38,1,0,0
3361,60,Male,28,1,51.69,1443.14,5,0,0
3362,57,Female,26,2,50.98,1329.1,0,0,0
3363,44,Male,13,0,48.92,640.81,3,1,1
3364,60,Male,24,2,73.14,1752.85,0,1,0
3365,58,Female,57,1,31.54,1802.82,2,0,0
3366,32,Male,64,1,70.55,4516.57,0,1,0
3367,23,Male,10,0,50.52,503.77,2,0,1
3368,62,Male,41,0,69.26,2837.84,2,1,1
3369,49,Female,38,0,39.48,1499.33,2,0,0
3370,77,Male,28,0,54.07,1527.4,1,0,1
3371,32,Female,55,1,36.05,1978.62,0,0,0
3372,39,Female,25,0,90.86,2265.77,1,0,0
3373,52,Female,23,1,70.13,1612.75,0,0,0
3374,66,Male,47,1,42.09,1979.46,2,1,0
3375,23,Male,2,0,48.35,101.22,2,0,1
3376,45,Female,59,0,40.54,2384.68,2,0,0
3377,24,Female,29,0,69.04,1996.59,3,0,1
3378,29,Female,45,2,48.35,2175.62,1,0,0
3379,28,Female,11,2,70.65,771.05,2,0,0
3380,61,Male,43,1,28.66,1232.76,0,0,0
3381,41,Female,46,1,52.85,2427.89,1,0,0
3382,77,Female,66,0,88.83,5850.56,2,0,0
3383,61,Female,55,1,29.22,1595.57,2,0,0
3384,26,Female,37,1,49.54,1832.68,1,0,0
3385,41,Male,71,1,57.93,4112.3,1,0,0
3386,79,Male,49,2,79.01,3876.36,2,0,0
3387,33,Male,68,1,28.67,1954.99,3,0,0
3388,33,Female,5,0,80.14,396.82,1,0,1
3389,35,Female,25,1,59.93,1500.63,0,0,0
3390,18,Female,71,0,31.91,2264.86,1,0,0
3391,56,Male,44,0,70.13,3091.95,1,1,1
3392,45,Male,41,1,92.1,3778.08,2,0,0
3393,56,Male,56,2,69.94,3917.12,1,0,0
3394,34,Male,27,1,90.85,2441.59,2,0,0
3395,46,Female,47,0,69.15,3255.53,2,0,0
3396,61,Female,19,1,37.28,711.38,2,0,0
3397,29,Male,21,1,70.12,1474.45,0,1,0
3398,45,Male,10,0,50.24,506.04,5,0,1
3399,18,Female,67,0,67.02,4491.81,0,0,0
3400,63,Female,26,1,32.61,844.19,0,0,0
3401,50,Male,71,0,43.49,3097.76,0,0,0
3402,77,Male,61,0,26.93,1641.35,4,0,0
3403,68,Male,38,0,49.49,1886.42,1,0,0
3404,48,Female,28,0,67.67,1902.61,1,0,0
3405,50,Male,6,0,38.4,233.54,2,1,1
3406,36,Female,5,1,71.3,351.86,0,0,0
3407,43,Female,2,2,54.08,110.83,0,0,0
3408,47,Female,3,1,32.57,98.52,1,0,0
3409,76,Male,17,1,36.17,614.5,3,0,0
3410,51,Female,33,2,90.86,2999.32,1,1,0
3411,44,Female,30,1,66.58,1993.32,0,0,0
3412,56,Male,14,0,53.38,746.34,2,0,0
3413,44,Male,54,0,29.45,1592.17,3,0,0
3414,38,Male,66,0,68.75,4541.91,2,0,0
3415,36,Male,1,0,70.31,72.04,2,0,1
3416,26,Female,18,0,71.38,1285.08,1,0,0
3417,41,Female,23,1,50.99,1165.97,2,0,0
3418,34,Female,4,1,60.68,246.82,1,0,0
3419,75,Female,21,0,52.55,1101.23,1,0,0
3420,40,Female,54,0,50.43,2729.6,0,0,0
3421,27,Female,65,0,52.09,3394.45,2,0,0
3422,39,Female,51,1,39.26,1996.71,2,0,0
3423,68,Female,5,1,49.37,244.86,0,1,1
3424,42,Male,12,1,31.15,370.41,3,0,1
3425,34,Female,1,1,66.99,65.65,1,0,1
3426,63,Female,45,0,46.77,2106.07,1,0,0
3427,47,Male,64,0,59.94,3840.37,3,0,0
3428,53,Female,4,0,31.0,122.89,1,0,0
3429,47,Male,53,0,27.98,1485.45,1,1,0
3430,76,Male,71,1,61.58,4363.48,0,0,0
3431,26,Male,35,2,70.11,2445.25,2,0,0
3432,33,Female,35,1,73.11,2557.11,1,1,0
3433,72,Male,1,2,61.68,60.43,2,0,0
3434,59,Male,38,0,51.27,1946.67,1,0,0
3435,66,Female,35,2,62.11,2172.89,4,0,0
3436,77,Male,39,1,52.83,2058.83,0,0,0
3437,19,Female,27,1,29.93,808.27,1,1,0
3438,22,Male,40,2,44.46,1786.84,1,0,0
3439,23,Male,7,2,83.8,588.87,0,1,0
3440,18,Male,25,1,31.69,790.7,2,0,0
3441,64,Male,51,0,66.97,3411.24,2,0,0
3442,70,Female,19,1,79.83,1519.31,0,0,0
3443,62,Female,13,0,88.21,1153.91,2,0,0
3444,55,Female,26,2,82.86,2158.29,1,0,0
3445,47,Female,51,0,70.62,3607.78,3,0,0
3446,71,Female,68,0,89.04,6057.44,0,0,0
3447,38,Male,45,1,74.27,3333.98,3,1,0
3448,56,Female,26,0,39.11,1010.84,2,0,0
3449,64,Female,28,2,70.04,1962.15,1,0,0
3450,67,Male,22,0,95.02,2085.81,1,1,1
3451,26,Male,66,0,82.31,5430.97,0,0,0
3452,23,Female,45,1,80.42,3624.23,3,0,0
3453,51,Male,22,0,71.75,1576.7,4,0,1
3454,47,Male,64,2,38.43,2451.08,1,0,0
3455,63,Male,51,0,31.04,1589.47,0,0,0
3456,59,Female,33,0,71.28,2359.15,1,1,0
3457,24,Female,6,0,79.92,484.25,3,0,1
3458,46,Female,69,1,56.45,3889.41,1,0,0
3459,28,Female,58,2,47.7,2758.4,1,0,0
3460,43,Male,32,0,51.47,1647.03,1,0,0
3461,46,Female,38,0,59.34,2248.73,3,0,0
3462,59,Male,71,1,69.4,4922.69,2,1,0
3463,65,Female,65,0,88.41,5753.37,1,0,0
3464,56,Female,65,1,79.1,5135.64,0,1,0
3465,18,Male,46,0,30.76,1409.69,1,0,0
3466,47,Female,33,2,80.86,2673.87,2,0,0
3467,51,Male,39,2,89.78,3510.73,1,0,0
3468,43,Female,29,0,59.36,1717.53,3,0,0
3469,53,Female,22,2,79.63,1761.03,1,0,0
3470,71,Female,57,0,34.62,1974.43,1,1,1
3471,29,Male,22,0,29.55,648.81,1,0,0
3472,39,Male,47,2,67.19,3156.98,3,1,0
3473,30,Female,37,0,56.78,2105.25,1,0,0
3474,35,Female,61,0,69.43,4234.51,2,0,0
3475,54,Male,64,2,82.55,5288.11,0,0,0
3476,52,Male,53,0,49.07,2600.91,2,0,0
3477,44,Female,37,2,62.82,2320.74,1,1,0
3478,29,Male,45,0,52.4,2359.41,1,0,0
3479,32,Female,4,0,48.03,181.8,3,0,1
3480,33,Female,44,1,51.66,2278.5,0,0,0
3481,61,Female,12,0,70.8,845.58,0,0,0
3482,20,Male,28,0,29.89,842.89,2,0,0
3483,29,Female,51,2,69.68,3552.41,3,0,0
3484,79,Female,58,0,31.08,1814.33,3,0,0
3485,69,Female,32,2,82.85,2646.14,1,0,0
3486,64,Female,30,2,68.85,2070.67,2,0,0
3487,39,Female,46,0,90.3,4147.18,1,0,0
3488,23,Male,32,0,26.99,872.75,0,1,0
3489,36,Male,36,1,34.8,1257.55,6,0,0
3490,20,Male,26,1,50.45,1312.23,3,0,1
3491,65,Male,69,0,28.17,1945.35,0,0,0
3492,40,Female,6,0,69.57,418.51,3,1,1
3493,53,Female,55,2,37.49,2065.18,2,0,0
3494,50,Female,63,1,48.37,3041.97,2,1,0
3495,75,Male,7,2,89.68,627.24,0,1,0
3496,71,Male,48,0,72.44,3472.05,1,0,0
3497,54,Female,5,0,48.23,240.49,0,0,0
3498,23,Female,29,0,53.26,1559.05,0,0,0
3499,23,Female,13,1,67.28,877.31,1,0,0
3500,74,Female,43,1,80.39,3457.02,1,1,0
3501,45,Male,42,1,70.82,2970.68,2,0,0
3502,60,Female,34,2,69.13,2348.82,2,0,0
3503,60,Female,71,2,48.68,3449.01,2,0,0
3504,64,Female,25,2,90.21,2254.66,0,0,0
3505,19,Female,44,0,39.48,1731.84,0,0,0
3506,46,Male,24,0,28.65,676.77,0,0,0
3507,48,Male,19,0,32.06,608.54,3,0,0
3508,30,Male,28,0,77.46,2164.78,1,0,0
3509,37,Male,13,1,47.65,613.48,1,0,0
3510,43,Male,55,0,56.49,3100.16,2,0,0
3511,59,Female,46,2,79.52,3653.65,2,0,0
3512,38,Female,68,2,91.13,6189.18,2,0,0
3513,64,Male,69,0,69.26,4776.95,0,1,0
3514,53,Female,64,0,91.22,5837.31,2,0,0
3515,62,Male,35,1,38.28,1346.92,4,0,0
3516,36,Female,54,0,57.73,3115.24,3,0,0
3517,68,Female,6,0,30.95,185.22,3,0,0
3518,58,Male,42,0,67.64,2841.68,0,0,0
3519,58,Male,48,0,59.71,2863.21,0,0,0
3520,68,Male,18,1,68.35,1229.75,0,0,0
3521,76,Female,6,2,69.99,422.25,0,0,0
3522,29,Female,7,1,89.72,633.96,2,0,0
3523,72,Male,46,1,40.62,1874.73,1,0,0
3524,46,Female,16,2,32.24,513.21,1,0,0
3525,22,Female,44,0,88.17,3874.11,3,0,0
3526,21,Female,23,0,53.14,1219.44,2,0,1
3527,49,Male,6,2,38.79,237.0,4,0,0
3528,37,Female,46,0,92.05,4242.74,3,0,1
3529,57,Male,19,0,34.93,668.99,5,0,1
3530,38,Female,46,1,48.98,2242.71,3,0,0
3531,72,Male,37,1,73.16,2706.9,1,0,0
3532,55,Male,14,1,69.28,964.09,4,0,1
3533,42,Female,40,0,71.18,2843.34,3,0,1
3534,67,Male,27,0,93.89,2534.53,1,1,1
3535,67,Female,49,2,50.48,2463.47,1,0,0
3536,32,Male,53,0,68.73,3640.23,1,0,0
3537,79,Male,17,0,78.67,1333.98,2,0,1
3538,49,Male,21,2,49.29,1026.56,0,0,0
3539,53,Female,9,0,67.74,607.74,1,0,1
3540,43,Female,51,0,51.87,2649.47,1,0,0
3541,41,Male,31,1,67.88,2098.5,1,0,0
3542,75,Female,63,0,50.98,3206.91,2,1,0
3543,59,Female,44,0,83.68,3676.77,1,0,0
3544,32,Female,55,1,59.92,3294.59,1,0,0
3545,51,Male,19,0,64.15,1224.65,0,1,0
3546,45,Male,65,2,87.64,5693.72,2,0,0
3547,53,Female,14,0,38.75,537.58,1,0,0
3548,61,Female,62,1,51.83,3218.74,3,0,0
3549,59,Female,61,0,39.72,2416.9,4,0,0
3550,22,Male,55,2,40.0,2197.32,0,0,0
3551,41,Female,12,1,71.8,860.01,2,0,1
3552,75,Female,43,0,68.62,2946.57,5,0,0
3553,74,Male,31,2,57.23,1775.97,4,0,0
3554,63,Male,59,1,30.03,1773.04,1,1,0
3555,61,Male,71,0,89.58,6354.7,3,0,0
3556,73,Female,29,2,38.63,1122.72,2,0,0
3557,57,Female,30,1,59.17,1768.42,1,0,0
3558,73,Female,62,1,79.32,4920.1,1,0,0
3559,24,Male,36,0,59.37,2133.77,1,0,0
3560,27,Male,67,1,67.97,4554.89,0,0,0
3561,38,Female,27,0,41.71,1128.35,1,0,0
3562,60,Female,13,1,78.01,1014.22,0,0,0
3563,45,Male,8,1,58.29,460.39,1,0,0
3564,71,Female,68,0,60.9,4135.32,1,0,0
3565,66,Male,9,0,88.03,789.45,3,1,1
3566,52,Male,9,2,40.35,359.15,1,0,0
3567,77,Female,60,2,70.86,4251.95,0,0,0
3568,34,Female,48,2,57.72,2778.92,3,0,0
3569,27,Female,59,1,49.14,2906.29,1,1,0
3570,27,Male,17,1,61.88,1054.64,4,0,0
3571,68,Male,37,1,52.6,1948.89,1,0,0
3572,24,Male,69,0,78.57,5414.34,1,0,0
3573,54,Female,13,2,32.27,419.66,1,0,0
3574,60,Male,65,0,67.39,4384.14,3,0,0
3575,64,Male,29,0,71.33,2071.03,0,0,0
3576,28,Female,37,2,50.08,1853.6,1,1,0
3577,38,Male,20,1,89.14,1782.2,1,0,0
3578,58,Female,18,0,66.33,1194.04,0,0,0
3579,24,Female,23,0,69.87,1609.79,0,0,0
3580,22,Female,16,0,48.79,775.77,1,0,0
3581,31,Male,23,0,67.89,1560.04,2,1,1
3582,30,Female,71,1,68.82,4896.99,1,0,0
3583,43,Male,48,0,60.23,2890.51,0,0,0
3584,50,Male,35,0,41.86,1475.69,0,0,0
3585,78,Female,44,1,68.87,3034.24,0,1,1
3586,60,Female,25,0,68.51,1711.2,2,0,0
3587,50,Female,12,0,42.57,507.06,1,0,1
3588,70,Female,59,1,67.96,3998.78,2,1,0
3589,64,Male,15,2,73.12,1096.37,1,0,0
3590,29,Female,67,0,70.74,4748.49,0,0,0
3591,20,Female,64,1,38.65,2475.26,2,0,0
3592,72,Male,14,0,39.65,554.72,1,0,0
3593,70,Male,25,2,87.46,2190.35,0,0,0
3594,59,Female,47,0,59.63,2803.73,3,0,0
3595,31,Male,5,0,69.13,346.9,0,0,0
3596,40,Male,24,0,88.23,2115.38,1,0,0
3597,67,Female,28,1,60.68,1697.28,0,1,0
3598,26,Female,9,0,91.86,839.21,1,0,1
3599,62,Female,64,2,69.84,4472.47,3,0,0
3600,20,Male,61,0,48.17,2940.79,1,0,0
3601,38,Female,49,0,51.79,2541.31,0,1,0
3602,34,Female,67,2,71.33,4780.37,1,1,0
3603,54,Male,66,0,29.76,1962.23,2,0,0
3604,48,Female,33,1,33.06,1094.69,1,0,0
3605,50,Female,3,0,69.02,208.49,2,0,1
3606,19,Female,63,0,42.07,2644.19,1,0,0
3607,57,Female,62,0,36.65,2268.93,2,0,0
3608,70,Male,65,1,79.06,5140.19,1,0,0
3609,66,Male,27,0,70.88,1923.5,5,1,1
3610,38,Female,18,0,49.54,895.09,1,0,0
3611,33,Female,11,0,52.37,575.98,3,0,1
3612,53,Female,20,0,37.01,744.2,3,0,1
3613,49,Female,67,1,50.17,3362.91,1,0,0
3614,22,Male,71,1,29.72,2106.21,2,0,0
3615,74,Male,67,0,56.94,3810.03,2,0,0
3616,77,Female,3,0,43.06,123.42,3,0,1
3617,77,Female,29,0,90.14,2616.39,2,0,1
3618,29,Male,35,0,69.49,2434.99,1,0,0
3619,57,Male,34,1,39.44,1338.63,0,0,0
3620,31,Male,9,0,60.05,547.95,1,0,0
3621,59,Female,11,2,69.75,763.11,2,0,0
3622,21,Male,32,1,39.53,1265.96,0,0,0
3623,70,Female,32,1,91.35,2919.07,1,0,0
3624,18,Female,15,0,43.0,647.71,1,0,1
3625,33,Female,27,0,69.77,1882.96,2,0,0
3626,49,Male,16,1,77.91,1247.35,0,0,0
3627,42,Male,36,1,60.66,2182.18,3,0,0
3628,35,Female,58,0,83.5,4838.88,1,0,0
3629,57,Female,64,0,36.76,2359.67,4,0,0
3630,24,Male,44,0,30.37,1335.72,1,0,0
3631,31,Male,36,1,68.63,2466.85,2,0,0
3632,67,Male,7,2,69.67,485.83,0,1,0
3633,54,Female,41,0,48.16,1981.61,0,1,0
3634,21,Male,71,1,52.3,3713.7,2,0,0
3635,74,Female,40,1,41.9,1670.02,0,0,0
3636,73,Male,68,1,72.18,4904.55,1,0,0
3637,38,Female,57,0,39.89,2267.35,2,0,0
3638,27,Male,69,0,91.48,6315.56,0,0,0
3639,42,Male,19,2,71.01,1342.74,0,0,0
3640,38,Female,45,2,92.69,4166.01,0,0,0
3641,66,Male,26,0,39.37,1030.22,1,0,0
3642,63,Male,65,0,72.13,4688.78,2,0,0
3643,32,Female,26,0,57.82,1502.52,1,0,0
3644,75,Female,51,1,27.21,1389.28,2,0,0
3645,26,Female,21,0,81.1,1704.46,1,0,1
3646,24,Male,13,1,70.34,920.64,4,0,1
3647,36,Female,42,0,49.46,2079.48,2,0,0
3648,50,Male,17,2,87.5,1492.87,2,0,0
3649,53,Female,18,0,27.43,485.5,2,1,1
3650,26,Male,15,1,90.58,1367.04,2,0,1
3651,75,Female,14,1,79.13,1104.67,6,0,1
3652,34,Female,40,1,90.64,3627.65,2,1,0
3653,50,Female,44,1,50.11,2197.75,3,0,0
3654,24,Female,6,0,52.66,312.32,4,0,1
3655,59,Male,9,0,71.57,645.44,2,0,1
3656,35,Male,2,2,47.74,95.58,1,0,0
3657,79,Male,38,0,49.42,1887.25,0,0,0
3658,41,Male,58,2,50.4,2927.39,3,0,0
3659,50,Female,31,2,61.51,1907.2,0,0,0
3660,22,Female,2,1,42.44,90.97,1,0,0
3661,73,Male,2,0,51.73,106.14,1,0,1
3662,64,Female,12,0,48.2,579.28,2,0,0
3663,51,Female,1,0,66.5,58.62,4,0,1
3664,50,Female,31,1,77.68,2408.51,0,0,0
3665,34,Male,40,0,72.7,2905.91,3,0,0
3666,53,Female,22,0,53.36,1176.47,0,0,0
3667,25,Female,71,1,24.73,1770.94,0,0,0
3668,71,Female,10,2,90.43,907.23,3,1,1
3669,19,Female,12,1,78.6,948.63,1,0,0
3670,73,Male,18,1,31.89,571.3,2,0,0
3671,49,Male,18,2,79.63,1429.42,2,1,1
3672,37,Female,53,2,72.98,3872.28,1,0,0
3673,56,Male,49,2,62.08,3042.54,1,0,0
3674,24,Male,23,0,76.04,1754.85,1,1,1
3675,23,Female,15,0,25.83,388.24,3,0,1
3676,24,Male,36,0,58.85,2120.95,1,0,0
3677,32,Female,65,1,50.5,3276.93,0,0,0
3678,69,Female,34,1,52.4,1789.43,7,0,0
3679,40,Female,10,0,79.14,793.34,0,0,1
3680,79,Female,32,0,90.11,2888.66,0,0,0
3681,20,Male,1,1,71.27,71.51,2,0,1
3682,61,Male,48,1,71.13,3413.34,0,0,0
3683,66,Male,13,0,28.57,368.01,1,0,0
3684,64,Female,63,2,87.87,5549.87,0,0,0
3685,43,Female,15,0,29.78,448.25,3,0,0
3686,55,Female,40,1,89.14,3558.68,2,0,0
3687,59,Male,57,1,82.11,4680.85,3,0,0
3688,75,Male,7,0,64.39,449.37,3,0,1
3689,46,Male,42,2,72.22,3034.06,3,1,0
3690,66,Male,16,1,29.03,460.01,0,0,0
3691,25,Male,8,2,70.76,555.97,1,0,0
3692,44,Male,57,0,80.48,4584.02,2,0,0
3693,67,Female,61,0,28.78,1750.48,1,0,0
3694,28,Female,21,0,71.05,1483.96,1,1,1
3695,63,Female,50,1,64.77,3240.74,3,0,0
3696,68,Male,58,0,86.93,5043.37,0,0,0
3697,69,Male,61,2,74.88,4573.18,2,1,0
3698,24,Male,70,0,67.38,4717.79,3,0,0
3699,54,Female,28,1,29.73,823.17,1,1,0
3700,71,Male,16,2,60.17,965.18,1,1,0
3701,59,Female,49,0,88.81,4348.17,1,1,0
3702,64,Female,27,0,59.12,1597.32,0,0,0
3703,57,Male,18,2,69.16,1246.45,1,0,0
3704,20,Female,27,0,70.53,1903.3,3,0,0
3705,20,Female,29,0,38.89,1130.87,1,0,0
3706,39,Female,61,1,30.77,1872.5,0,0,0
3707,38,Female,56,1,51.01,2845.7,3,0,0
3708,18,Female,19,0,68.1,1289.24,1,0,0
3709,21,Male,70,0,76.97,5386.7,0,1,0
3710,70,Male,28,1,31.7,886.07,2,0,0
3711,28,Female,6,1,46.67,282.27,4,0,1
3712,20,Male,43,0,69.67,2996.84,0,0,0
3713,55,Female,12,1,89.06,1078.83,1,0,0
3714,38,Female,8,1,92.21,728.99,0,1,1
3715,44,Female,34,1,27.38,929.14,1,1,0
3716,72,Female,44,0,88.96,3907.51,1,0,0
3717,29,Male,15,0,54.07,807.16,1,0,0
3718,59,Female,25,0,29.87,746.7,3,0,0
3719,27,Male,7,0,53.78,377.49,0,0,0
3720,73,Female,2,0,52.16,106.74,3,0,1
3721,24,Male,62,0,69.4,4299.13,0,0,0
3722,55,Female,16,0,66.39,1067.68,0,0,0
3723,78,Male,44,2,66.44,2920.27,3,0,0
3724,72,Male,52,2,69.31,3605.41,2,0,0
3725,59,Male,64,0,79.96,5106.63,1,0,0
3726,68,Female,34,0,72.49,2464.74,2,0,1
3727,37,Female,53,0,47.24,2512.06,3,0,0
3728,20,Male,22,1,48.35,1054.3,3,1,1
3729,18,Female,71,0,89.99,6377.54,0,0,0
3730,67,Female,17,2,87.02,1473.13,3,0,0
3731,27,Male,69,2,49.53,3419.23,1,0,0
3732,23,Female,54,1,67.27,3626.15,3,0,0
3733,79,Female,20,2,38.51,780.17,1,0,0
3734,76,Male,52,0,42.02,2181.29,0,0,0
3735,75,Male,34,1,50.17,1708.56,0,0,0
3736,40,Male,29,0,47.93,1390.5,2,0,0
3737,51,Female,59,0,58.75,3466.27,0,1,0
3738,53,Male,51,0,37.42,1913.99,1,0,0
3739,71,Female,22,0,70.44,1557.46,1,0,0
3740,63,Female,35,1,68.62,2402.38,0,0,0
3741,76,Female,5,0,69.76,340.47,3,0,1
3742,31,Female,28,2,51.2,1432.39,2,0,0
3743,51,Male,10,0,28.45,278.77,1,0,0
3744,70,Female,47,0,68.41,3219.29,2,0,0
3745,24,Male,50,1,59.99,2997.44,2,1,0
3746,61,Male,35,0,61.18,2141.64,1,0,0
3747,56,Male,19,0,50.45,959.19,1,0,0
3748,41,Male,71,0,91.4,6491.34,5,0,0
3749,46,Male,47,2,80.86,3800.9,3,0,0
3750,60,Female,21,1,90.48,1900.36,0,0,0
3751,78,Male,40,2,28.65,1135.75,3,0,0
3752,39,Male,29,0,41.96,1215.54,2,1,1
3753,67,Male,2,0,51.69,99.0,1,0,0
3754,37,Female,63,1,91.7,5776.69,1,0,0
3755,74,Male,5,0,70.2,350.79,0,1,1
3756,59,Male,35,2,31.25,1096.35,1,0,0
3757,69,Male,68,0,51.65,3501.97,0,0,0
3758,68,Male,62,0,50.29,3109.92,1,0,0
3759,34,Female,29,1,53.67,1561.61,2,0,0
3760,27,Male,45,1,79.99,3599.87,3,1,1
3761,22,Male,61,2,71.3,4345.34,0,0,0
3762,71,Male,13,0,37.6,490.78,1,0,0
3763,58,Female,9,0,90.3,814.99,2,0,0
3764,37,Female,36,0,52.39,1878.46,2,1,1
3765,66,Female,21,0,27.38,578.44,0,0,0
3766,55,Female,65,2,38.28,2484.75,2,0,0
3767,76,Male,33,2,52.56,1740.92,0,0,0
3768,55,Female,37,0,81.2,3003.2,5,0,1
3769,22,Female,52,2,68.0,3533.02,0,0,0
3770,71,Male,3,0,89.45,264.11,1,0,1
3771,42,Male,44,1,71.55,3142.88,1,1,0
3772,31,Male,27,1,49.51,1342.11,1,1,0
3773,26,Male,55,1,30.21,1653.29,3,0,0
3774,63,Female,25,2,48.93,1223.28,0,0,0
3775,20,Female,48,0,87.42,4186.79,0,0,0
3776,27,Female,7,0,89.59,624.65,0,0,1
3777,26,Male,41,0,49.69,2039.16,2,0,0
3778,65,Male,70,0,29.14,2037.64,0,0,0
3779,40,Female,68,2,79.86,5430.75,0,0,0
3780,29,Female,71,2,67.87,4827.25,3,0,0
3781,43,Female,4,1,30.25,112.69,2,0,0
3782,75,Female,3,2,71.4,219.22,2,0,0
3783,49,Male,53,0,47.29,2505.68,0,1,0
3784,43,Male,8,1,42.46,344.19,0,0,0
3785,20,Female,42,0,87.51,3667.55,2,0,0
3786,45,Female,19,1,62.4,1184.47,2,0,0
3787,60,Female,63,0,42.56,2682.38,3,0,0
3788,72,Female,8,0,40.95,330.44,1,0,0
3789,41,Male,3,0,69.55,204.25,1,0,0
3790,30,Female,13,0,47.39,615.14,2,0,1
3791,20,Female,6,2,39.29,233.31,2,0,0
3792,39,Female,19,2,61.81,1178.67,1,0,0
3793,30,Male,70,2,56.71,3976.71,3,0,0
3794,72,Male,4,0,65.21,257.77,1,0,1
3795,50,Female,23,2,39.11,902.48,1,0,0
3796,79,Female,5,0,46.84,229.67,4,0,1
3797,43,Male,49,1,69.22,3401.39,0,0,0
3798,78,Male,52,0,79.95,4158.79,0,0,0
3799,32,Male,57,0,29.09,1668.64,2,1,0
3800,70,Male,28,0,70.97,1987.45,3,0,1
3801,76,Male,40,0,49.96,1997.8,0,0,0
3802,29,Female,13,0,70.0,912.24,2,1,1
3803,73,Male,61,0,91.47,5581.12,1,0,0
3804,21,Female,23,1,62.02,1423.87,2,0,0
3805,70,Female,42,1,67.29,2827.3,3,0,0
3806,48,Male,30,1,51.51,1552.41,2,1,0
3807,51,Female,13,0,48.49,637.46,2,0,0
3808,24,Male,40,0,80.61,3224.23,1,0,0
3809,72,Male,64,1,72.18,4610.56,1,0,0
3810,35,Male,7,0,50.1,360.56,1,1,1
3811,38,Male,61,2,52.04,3175.41,2,0,0
3812,54,Female,11,1,49.46,543.16,3,0,0
3813,63,Male,28,2,87.27,2446.31,3,1,1
3814,39,Male,55,0,68.12,3750.54,2,0,0
3815,74,Male,66,0,71.92,4746.74,0,0,0
3816,48,Male,34,0,49.64,1689.24,0,0,0
3817,24,Male,68,0,51.87,3521.6,0,0,0
3818,23,Male,71,2,87.72,6233.48,1,1,0
3819,68,Female,21,0,48.72,1022.0,4,0,0
3820,63,Male,55,0,28.41,1565.87,3,0,0
3821,69,Female,62,0,41.57,2578.96,3,0,0
3822,75,Male,67,0,42.63,2854.81,3,0,0
3823,28,Female,31,2,85.57,2653.49,3,0,0
3824,61,Female,47,0,78.28,3681.64,3,0,0
3825,77,Female,68,0,70.44,4782.51,0,0,0
3826,52,Female,66,0,39.39,2604.54,2,0,0
3827,50,Female,8,0,41.04,330.51,3,0,1
3828,29,Male,38,2,40.01,1521.9,0,0,0
3829,56,Male,29,0,30.79,885.24,1,0,0
3830,41,Male,61,2,90.57,5529.45,3,1,0
3831,30,Female,30,0,52.45,1567.3,1,0,0
3832,24,Female,55,0,69.88,3854.65,0,0,0
3833,29,Male,36,0,40.44,1460.47,3,0,1
3834,57,Female,2,0,59.51,120.88,2,0,1
3835,33,Male,57,1,37.97,2165.22,3,0,0
3836,71,Female,70,0,71.0,4980.01,2,0,0
3837,29,Female,26,1,42.83,1109.85,0,1,0
3838,32,Female,43,0,52.91,2275.33,2,0,0
3839,75,Female,69,1,39.14,2698.78,3,0,0
3840,64,Male,38,1,82.44,3121.71,1,0,0
3841,29,Female,56,1,67.87,3805.81,1,1,0
3842,30,Male,59,0,33.58,1984.2,2,0,0
3843,60,Male,32,1,68.97,2206.61,0,1,0
3844,53,Male,25,0,45.05,1124.44,2,0,0
3845,43,Female,71,1,70.95,5050.74,0,0,0
3846,78,Female,50,0,48.88,2435.57,1,0,0
3847,72,Female,5,1,83.02,418.23,0,0,0
3848,57,Male,46,0,39.51,1809.97,1,1,0
3849,29,Male,42,0,31.35,1319.5,4,0,0
3850,36,Male,34,2,70.15,2389.33,1,0,0
3851,34,Female,71,1,53.01,3764.29,3,0,0
3852,65,Female,62,1,59.45,3686.35,1,0,0
3853,32,Female,31,0,70.45,2183.1,1,0,0
3854,69,Male,68,2,40.55,2751.58,2,0,0
3855,25,Female,38,0,70.03,2660.79,1,1,0
3856,31,Female,48,1,48.9,2348.05,2,0,0
3857,39,Female,50,0,52.76,2641.53,2,0,0
3858,21,Female,63,0,50.37,3175.11,0,0,0
3859,79,Female,65,1,48.36,3147.98,1,1,0
3860,63,Male,38,1,51.09,1940.41,1,0,0
3861,29,Male,31,1,30.61,942.8,1,0,0
3862,26,Female,51,0,50.21,2566.51,2,1,0
3863,42,Female,22,0,55.7,1229.41,2,1,1
3864,55,Male,5,1,58.56,297.45,0,0,0
3865,59,Female,6,0,55.85,332.86,2,0,1
3866,76,Male,53,2,68.36,3623.71,0,0,0
3867,58,Male,35,0,39.06,1364.1,2,0,0
3868,31,Female,69,0,38.31,2637.23,2,0,0
3869,64,Male,33,1,78.23,2592.31,4,0,0
3870,33,Male,41,2,67.79,2779.01,1,0,0
3871,60,Male,16,0,29.91,480.24,0,0,0
3872,54,Male,40,0,92.5,3699.24,2,0,0
3873,34,Female,53,1,91.61,4854.95,3,0,0
3874,67,Male,41,0,57.89,2380.3,2,1,1
3875,19,Male,53,1,90.34,4783.23,1,0,0
3876,21,Female,48,0,50.76,2436.44,1,0,0
3877,59,Male,62,1,69.76,4314.82,1,0,0
3878,70,Female,1,0,71.49,73.1,0,0,0
3879,35,Male,57,2,77.84,4440.6,1,0,0
3880,62,Male,10,0,58.75,594.38,2,0,1
3881,53,Male,33,0,71.48,2362.76,1,0,0
3882,29,Male,63,2,50.5,3178.17,2,0,0
3883,23,Male,40,1,31.83,1280.71,1,0,0
3884,26,Male,38,2,59.17,2253.45,3,0,0
3885,34,Male,22,1,63.07,1388.46,0,0,0
3886,36,Male,51,1,27.14,1391.27,2,0,0
3887,73,Female,26,1,61.18,1601.91,1,0,0
3888,26,Male,69,1,49.9,3434.43,0,0,0
3889,24,Male,7,0,67.19,467.14,2,0,1
3890,54,Male,44,0,49.88,2194.89,2,0,0
3891,59,Male,10,0,47.06,478.65,0,1,1
3892,25,Male,31,0,48.16,1502.3,2,0,0
3893,35,Female,47,1,48.92,2293.75,3,0,0
3894,69,Male,29,0,89.42,2587.74,3,0,1
3895,70,Male,32,0,77.96,2488.36,4,0,0
3896,67,Male,51,2,50.4,2574.73,0,0,0
3897,43,Female,44,1,70.0,3079.77,2,0,0
3898,44,Female,5,2,72.38,363.53,1,0,0
3899,73,Male,24,0,49.38,1188.82,1,0,0
3900,49,Male,18,1,60.31,1085.1,2,0,0
3901,36,Male,47,0,60.19,2830.31,1,0,0
3902,31,Male,53,2,51.01,2698.75,0,0,0
3903,38,Female,33,1,53.19,1758.73,1,0,0
3904,60,Male,69,0,67.21,4632.76,1,1,0
3905,21,Male,31,1,60.24,1859.88,1,0,0
3906,39,Female,71,2,50.74,3607.01,0,0,0
3907,68,Male,44,2,80.18,3523.92,0,0,0
3908,49,Male,65,2,71.4,4640.47,0,1,0
3909,57,Female,47,0,68.47,3214.83,1,1,1
3910,71,Male,20,0,38.79,774.09,3,0,1
3911,65,Female,52,0,47.48,2469.12,2,0,0
3912,21,Female,15,0,34.34,513.78,2,0,0
3913,36,Male,32,0,49.93,1607.46,0,1,0
3914,62,Male,47,0,90.14,4234.62,0,0,0
3915,32,Female,61,1,62.13,3796.71,2,0,0
3916,41,Female,53,0,69.08,3660.46,2,0,0
3917,69,Female,19,0,43.25,821.6,1,1,1
3918,23,Male,42,2,32.9,1384.87,1,0,0
3919,24,Male,1,0,79.23,86.36,1,0,1
3920,40,Male,40,0,91.18,3647.43,0,0,0
3921,76,Male,50,0,50.42,2525.71,5,0,0
3922,24,Male,28,1,71.01,1985.96,0,0,0
3923,40,Male,48,0,50.34,2410.07,0,0,0
3924,39,Male,20,2,80.88,1613.01,1,0,0
3925,39,Female,70,1,71.47,5001.32,3,0,0
3926,49,Male,62,2,59.28,3678.37,2,0,0
3927,32,Female,53,1,82.25,4346.82,3,0,0
3928,39,Male,41,0,52.06,2133.26,3,0,0
3929,47,Male,23,1,70.1,1610.74,1,0,0
3930,71,Male,65,0,57.85,3761.74,1,0,0
3931,77,Male,47,2,74.29,3493.23,1,0,0
3932,21,Female,64,0,27.2,1743.79,3,0,0
3933,23,Female,20,1,69.85,1393.93,1,1,0
3934,77,Male,65,1,69.5,4512.09,3,0,0
3935,48,Female,66,2,49.18,3251.41,1,0,0
3936,48,Male,65,2,65.52,4257.94,1,0,0
3937,60,Female,61,0,69.49,4248.57,0,1,0
3938,65,Male,35,0,60.58,2127.87,1,0,0
3939,54,Male,50,1,52.3,2613.39,0,0,0
3940,66,Female,69,0,82.06,5659.85,0,1,0
3941,64,Male,33,0,69.51,2300.07,3,0,0
3942,27,Male,15,1,30.28,461.57,1,0,0
3943,63,Female,64,1,66.37,4237.99,0,0,0
3944,58,Male,3,1,49.26,157.59,4,1,1
3945,61,Male,40,0,78.07,3118.32,1,0,0
3946,49,Male,70,2,69.05,4837.46,4,0,0
3947,39,Male,53,0,51.5,2731.94,2,0,0
3948,61,Female,6,1,39.45,228.26,2,1,1
3949,75,Male,4,0,51.61,202.91,0,0,0
3950,29,Male,33,0,69.9,2301.63,4,0,0
3951,78,Female,40,1,70.23,2797.39,0,0,0
3952,31,Male,21,1,66.7,1395.74,0,0,0
3953,61,Female,69,1,71.16,4917.69,0,0,0
3954,70,Male,63,0,48.91,3076.49,1,0,0
3955,79,Female,26,0,89.0,2322.35,2,0,1
3956,57,Female,65,0,90.7,5897.09,1,0,0
3957,50,Male,20,0,49.59,999.76,5,0,1
3958,55,Male,29,0,49.29,1431.23,3,0,0
3959,64,Male,17,0,62.21,1057.43,2,0,1
3960,24,Female,33,0,46.71,1547.24,3,0,0
3961,66,Male,36,1,29.93,1078.56,2,0,0
3962,47,Male,4,2,73.1,288.11,2,1,1
3963,65,Female,58,1,41.11,2384.74,0,1,0
3964,63,Female,26,0,51.29,1331.87,1,0,0
3965,45,Male,51,1,50.73,2587.69,1,1,0
3966,55,Female,14,1,88.06,1232.92,1,0,0
3967,42,Female,60,0,89.21,5353.76,1,0,0
3968,52,Male,69,2,68.74,4743.44,1,0,0
3969,20,Female,58,0,48.38,2808.64,0,0,0
3970,46,Female,70,1,91.82,6429.91,0,0,0
3971,49,Male,32,0,70.25,2245.55,3,0,0
3972,75,Female,27,0,77.88,2102.33,1,0,0
3973,57,Male,43,0,74.89,3220.82,2,0,0
3974,40,Male,6,0,84.1,500.25,2,0,1
3975,71,Male,18,0,59.34,1076.43,2,0,1
3976,52,Female,2,0,50.18,109.09,0,0,0
3977,77,Male,5,1,72.31,356.67,2,0,1
3978,38,Male,59,1,69.32,4092.22,2,0,0
3979,69,Female,69,1,58.42,4036.17,2,0,0
3980,20,Female,18,0,82.43,1491.84,1,0,0
3981,73,Male,49,1,72.58,3563.91,1,1,0
3982,77,Male,24,0,81.59,1953.71,2,0,1
3983,42,Female,3,1,29.3,87.35,3,0,0
3984,69,Female,21,2,67.94,1420.54,1,0,0
3985,50,Male,65,1,47.77,3111.57,0,0,0
3986,39,Male,53,1,48.28,2558.56,0,0,0
3987,29,Male,19,0,90.38,1713.47,1,1,1
3988,62,Female,9,0,70.83,645.21,0,0,1
3989,52,Female,70,0,73.1,5123.51,2,0,0
3990,78,Female,45,1,49.46,2221.62,0,0,0
3991,56,Female,8,0,69.44,565.12,1,0,1
3992,32,Male,18,0,59.43,1066.24,3,0,1
3993,40,Male,32,2,51.12,1629.88,1,0,0
3994,58,Male,39,0,92.07,3583.31,1,0,0
3995,73,Female,10,2,90.16,907.3,2,0,0
3996,45,Male,19,1,42.69,810.83,1,0,0
3997,50,Male,5,0,69.92,353.78,1,0,1
3998,57,Female,12,1,30.63,369.9,0,0,0
3999,71,Male,5,0,75.51,383.67,0,0,0
